address,vehicle,comment
東京都港区赤坂9-7-1,4t,東京ミッドタウン周辺
東京都渋谷区神南1-22-14,3t,タワーレコード渋谷店付近
東京都新宿区西新宿2-8-1,2t,東京都庁付近
東京都台東区 柳橋1丁目6-3
滋賀県大津市 
茨城県つくば市 学園の森3丁目40-1
新潟県長岡市 栃尾町
新潟県長岡市 関原町
東京都目黒区 碑文谷6-18-8
神奈川県横浜市中区 本牧満坂187-147
東京都大田区 
東京都杉並区 南荻窪4丁目30番4
群馬県高崎市 並榎町3-3
埼玉県朝霞市 泉水一丁目5番1号
静岡県三島市 幸原町
東京都品川区 小山4丁目5-15
東京都八王子市 長沼調395番12
愛知県名古屋市西区 枇杷島1丁目6-48付近
兵庫県揖保郡太子町 
東京都文京区 大塚6-29-6
新潟県新潟市東区 東中野山5丁目　https
愛知県一宮市 野口一丁目16番3、16番12、16番13
広島県三原市 須波1994番1
神奈川県川崎市中原区 
岡山県岡山市 中区江並
大阪府池田市 栄本町3036-18、-19、3037-4
静岡県静岡市葵区 瓦場町179-2
熊本県阿蘇市 
愛知県瀬戸市 
静岡県駿東郡清水町 
岐阜県岐阜市 安宅町二丁目4番4
栃木県宇都宮市 西川田町字辻ノ内70-１
新潟県新潟市中央区 学校町通三番町5322番108
愛知県大府市 
東京都世田谷区 桜上水5丁目37
静岡県駿東郡長泉町 
埼玉県朝霞市 宮戸4丁目704-24
埼玉県入間市 東町四丁目87番3の一部
東京都練馬区 関町北三丁目193番8の一部
埼玉県久喜市 上川崎148-11
東京都内 
東京都小金井市 本町四丁目2771番5
三重県四日市市 広永町字間ノ田371-2
大阪府大東市 灰塚1丁目68-5
群馬県伊勢崎市 上田町143番1の一部、143番3の一部
東京都大田区西蒲田2丁目２番３ 
千葉県市川市 奉免町282番他《15区画》
福岡県福岡市東区 千早1丁目
大阪府東大阪市 三ノ瀬2-6-21
兵庫県加古川市 加古川町大野554-16,553-14
滋賀県近江八幡市 加茂町字北代1008番の一部
大阪府大阪市港区弁天3丁目 
京都府京都市伏見区 片原町290-3
大阪府大阪市福島区 海老江1-7-16
大阪府大東市 灰塚1丁目68-7
東京都目黒区目黒本町二丁目19-7 
静岡県浜松市中央区白羽町884-1,885-1,886 
東京都渋谷区 上原3丁目11番20
神奈川県川崎市宮前区平一丁目１番３ 
岐阜県岐阜市 菅生2丁目　https
兵庫県神戸市垂水区 山手1丁目6
大阪府箕面市箕面3丁目195番3 
京都府宇治市 天神台3丁目1-111
東京都練馬区 大泉学園4-28-30
和歌山県日高郡みなべ町 熊岡字樫ノ口693番3
栃木県日光市 
岐阜県岐阜市 如月町四丁目3番
東京都世田谷区 野沢2-33-13
埼玉県入間市 扇台一丁目786-25
神奈川県横浜市南区宮元町二丁目37番1の一部 
東京都練馬区旭町1丁目39の一部　分譲地40区画 
大阪府大阪市 
東京都港区 
東京都新宿区 
静岡県浜松市内 
和歌山県有田郡有田川町 野田318番から分筆
東京都葛飾区 
東京都品川区東中延2-398-14 
東京都葛飾区水元２－２２ 
神奈川県相模原市中央区氷川町708番18 
神奈川県相模原市緑区 橋本５丁目４１－７
愛知県一宮市 瀬部字本郷6番、5番1、字堂浦4番2、4番6
東京都稲城市 
新潟県新潟市西区 新通西3丁目　https
茨城県つくば市 千現1-7-5
大阪府堺市堺区 
埼玉県 富士見市大字勝瀬字前田763-7、-8
長野県茅野市 北山4035番地内
愛知県小牧市 中央5丁目275番3,8
埼玉県さいたま市見沼区 島町772-4、772-5
千葉県四街道市 
長野県諏訪郡下諏訪町 字原東
東京都小平市 学園東町1丁目52-52
埼玉県川越市 大字今福字萩野860番15
長崎県長崎市 平間町933-1の一部
滋賀県草津市 東矢倉3丁目24?28（旧住所）、東矢倉401番地6（地名地番）
愛知県日進市 岩崎町岩根197
滋賀県近江八幡市 田中江町611
東京都昭島市 拝島町一丁目70番2
東京都新宿区 横寺町37番10
埼玉県狭山市 大字下奥富字小袋781番3の一部
埼玉県さいたま市南区 大字円正寺字山崎202-61
兵庫県三木市 芝町356 番1
東京都杉並区 堀ノ内3丁目207番1
東京都荒川区 
山梨県富士吉田市 旭四丁目1816番2、3、4
滋賀県高島市 安曇川町
千葉県印旛郡酒々井町 馬橋字中之尾余６７７番５
山口県防府市 新?
長野県伊那市 高遠町藤沢6735番2
福岡県北九州市若松区 西園町1番10、１番4、１番12
茨城県常総市 坂手町字南山神戸5510番9
高知県高知市 鴨部1159-1
長野県安曇野市 穂高有明7319番29、2175番64
東京都台東区 花川戸
静岡県静岡市葵区 南安倍1-2-6の一部
大阪府大阪市阿倍野区 阪南町3-4-28
栃木県宇都宮市 岩曽町字土堂1392-27
東京都小平市 花小金井五丁目487番40
東京都葛飾区 
兵庫県神戸市 
愛知県名古屋市西区 天神山町608番、609番4
滋賀県大津市 桐生一丁目字初記谷447-1.447-2
東京都渋谷区 上原2‐9‐2
熊本県熊本市御幸笛田一丁目２番以下未定 
大阪府大東市 灰塚
神奈川県平塚市 中原1-7-38
東京都文京区 
東京都立川市 
宮城県仙台市泉区 高森1丁目1-10
群馬県高崎市 棟高町453､459-4
愛知県長久手市 山越506-1
埼玉県さいたま市緑区 大字三室字中原後219-2,-3、201-24,-25,-220-2
和歌山県和歌山市 新堀東二丁目347-2
栃木県宇都宮市 
大阪府大阪市住吉区 庭井
静岡県沼津市 北高島町862-6，862-7
東京都練馬区 南大泉四丁目360番9
東京都内 
沖縄県中頭郡西原町 字小橋川与那川282-11
山梨県南都留郡富士河口湖町 河口字清水1720番
東京都杉並区 上井草2丁目
愛知県名古屋市守山区 城土町135番地
東京都日野市 栄町1-31-9　ヴェレーナ日野リグレ　305号室
新潟県長岡市 大島新町1丁目1493番3
東京都羽村市 
東京都内 
東京都内 
埼玉県深谷市 本田字棒田4430番、4432番2
埼玉県狭山市 南入曽1048番24
徳島県徳島市 北田宮4丁目879-3
兵庫県淡路市 
岐阜県加茂郡川辺町 福島292　https
兵庫県淡路市 尾崎659-9、659-10
愛知県愛西市 大井町宮新田20-10
愛知県名古屋市東区 泉一丁目1801-5
東京都三鷹市 下連雀二丁目110番1
東京都世田谷区 駒沢5-20-17
栃木県宇都宮市 中岡本町字丸池3645番5
京都府京都市左京区 松ヶ崎芝本町13、13-1
大阪府泉大津市 寿町80番4
東京都品川区 豊町1丁目
東京都目黒区 目黒本町5丁目
東京都中野区 上鷺宮一丁目
東京都羽村市 
東京都立川市 砂川町六丁目25番20、22
大阪府四條畷市 米崎町633番6、633番10
東京都国立市 矢川三丁目12番10
岐阜県各務原市 鵜沼古市場町1丁目173番1
愛知県犬山市 大字富岡字別曾529番10
滋賀県甲賀市 甲南町野田
福井県福井市 文京１丁目
北海道札幌市南区 藤野2条5丁目
大阪府吹田市 津雲台6丁目2 0番1 72（ 番地）
愛知県蒲郡市 元町158番12
兵庫県尼崎市 潮江2丁目3-35
福島県福島市 御山一本松
神奈川県横浜市磯子区 
静岡県 掛川市葵町4-5
岡山県岡山市北区 田中183番130,183番132
愛知県瀬戸市 東本地町1丁目41番1
群馬県前橋市 総社町植野7-11
東京都東大和市 蔵敷二丁目529番地3
東京都内 
埼玉県朝霞市 膝折町2丁目14-37
東京都練馬区 土支田
茨城県龍ケ崎市 松ケ丘1丁目
岐阜県岐阜市 千手堂南町１丁目１１　https
東京都江東区 清澄三丁目8番13号
東京都世田谷区 上祖師谷1-441-1の一部
新潟県妙高市 大崎町https
新潟市西区小新3丁目 https
新潟県新発田市 小舟町3丁目　https
新潟県新潟市中央区 女池上山1丁目304-1-2
大阪府豊能郡豊能町 新光風台2丁目23番8・23番9
熊本県熊本市中央区 新屋敷2丁目15番3
大阪府豊中市 夕日丘1丁目680‐2、4
宮城県仙台市青葉区千代田町1番103 
東京都文京区 本駒込
新潟県長岡市 来迎寺渋田甲2613番11（https
東京都港区 三田2丁目
高知県南国市 緑ヶ丘3丁目3408
千葉県柏市 逆井一丁目895番42
東京都品川区 二葉
新潟県新潟市西蒲区 松野尾2931
神奈川県足柄上郡松田町 松田惣領
北海道紋別市 
福井県敦賀市 昭和町2丁目4番8
福岡県福津市 宮地六丁目1704番26
新潟県長岡市 学校町2丁目10-7　https
東京都昭島市 大神町
千葉県市川市 国府台6-14-2
愛知県豊橋市 つつじヶ丘2-28-14
神奈川県川崎市高津区二子 
神奈川県藤沢市 鵠沼海岸2丁目
愛知県新城市 川田
東京都世田谷区 深沢3-30-3
兵庫県 洲本市安乎町平安浦字大浜1861番1
東京都世田谷区 
静岡県三島市 
愛知県名古屋市名東区 社口1丁目1020番
兵庫県丹波篠山市 杉字五ノ坪267番6
茨城県取手市 西2-27-10
静岡県浜松市中央区 元城町106番地の9
東京都杉並区 
神奈川県横浜市西区 御所山町
神奈川県横浜市西区 御所山町
神奈川県横浜市西区 御所山町
東京都世田谷区 上祖師谷
神奈川県横浜市西区 御所山町
神奈川県横浜市西区 御所山町
栃木県宇都宮市 
京都府京都市東山区 本町
東京都中野区 
福岡県北九州市門司区 大里戸ノ上一丁目4796番9、4796番10
沖縄県南城市 玉城字屋嘉部65-2
大阪府四條畷市 南野５丁目970番3
兵庫県神戸市北区 北五葉四丁目3番地43
埼玉県入間市 東藤沢
愛知県名古屋市中村区 日ノ宮町二丁目132番
東京都新宿区 市谷山伏町
新潟県長岡市 北園町　https
広島県広島市東区 牛田新町
新潟県新潟市東区 向陽　https
神奈川県藤沢市 登戸2684番地
神奈川県藤沢市 登戸2684番地
岐阜県岐阜市 六条北3丁目10番1
東京都目黒区 駒場4丁目4-10
大阪府吹田市 長野東１６－２７
富山県高岡市 
福島県福島市 渡利
岐阜県本巣郡北方町 北方1367-1
東京都世田谷区 桜上水３－５－２２
神奈川県横浜市青葉区 藤が丘1-46-16
京都府京都市東山区 本町15丁目755-8
東京都武蔵野市 吉祥寺東町二丁目613番32
高知県高知市 観月2丁目1506
東京都渋谷区 富ケ谷１丁目３０－２７
福岡県大野城市 白木原2丁目11-20
静岡県静岡市清水区 草薙
東京都文京区 本駒込五丁目244番9
岐阜県羽島郡笠松町 田代851-3
静岡県静岡市清水区 千歳町
東京都目黒区 自由が丘三丁目120番2-4
東京都目黒区 自由が丘3丁目
東京都練馬区 石神井台五丁目1231番24
広島県広島市佐伯区美の里2-846-9,846-15 
岐阜県恵那市 岩村町富田611番1、613番1、704番4
埼玉県富士見市 大字下南畑字竹ノ内3664-10
埼玉県東松山市 若松町1丁目1062-4
石川県金沢市 涌波4丁目44-3
東京都世田谷区 代田2-24-13
東京都世田谷区 野沢3丁目24-16
千葉県 船橋市東町807番地
茨城県常総市 坂手町字馬頭5538番113
岩手県盛岡市 
茨城県守谷市 板戸井字前畑1608番1
岡山県倉敷市 中央町2-10-8
岡山県倉敷市 中央町2-10-8
東京都足立区 谷中3丁目9-16 日神パレステージ北綾瀬703号室
岐阜県本巣市 屋井14-1
埼玉県さいたま市見沼区 大字南中丸字北五反田1280-43、1280-44
埼玉県鴻巣市 大間字原927番の一部、928番18の一部、928番4の一部
神奈川県鎌倉市 玉縄1-3-1藤和鎌倉玉縄ホームズ弐番館402号室
奈良県北葛城郡広陵町 馬見北二丁目7番18
群馬県利根郡みなかみ町 石倉字鼬澤278番1
千葉県我孫子市湖北台11番2の一部 
埼玉県比企郡鳩山町 大字赤沼字中里2142番4
東京都目黒区 東が丘1-34-42
神奈川県茅ヶ崎市 南湖四丁目12639番6及び9
福岡県春日市 
千葉県浦安市 
奈良県大和郡山市 新木町428番7
東京都杉並区下井草1－13－6 
岐阜県羽島市 正木町須賀２６１５?２
東京都内 
千葉県柏市柏の葉五丁目8番1 
千葉県佐倉市 上志津原字幸野１４３－５１
大阪府東大阪市 
岩手県盛岡市 
東京都世田谷区 等々力1-29-6
大阪府豊中市 中桜一丁目310番1（地番）
岩手県盛岡市 
千葉県袖ケ浦市 
京都府宇治市 広野町尖山4番222
北海道北見市 清月町5-1
東京都目黒区 自由が丘
東京都新宿区 高田馬場3-38-15
大阪府富田林市 伏山三丁目632番5
神奈川県横浜市保土ケ谷区権太坂二丁目 
宮城県塩竈市 野田7-1　https
愛知県名古屋市北区 瑠璃光町3-3-1
東京都小金井市 前原町二丁目646番22
東京都新宿区 市谷左内町28-5
岐阜県揖斐郡池田町 
東京都目黒区 目黒本町4-23
東京都港区 芝大門2-3付近
神奈川県横浜市磯子区栗木三丁目150番4,155番11,155番14,160番2 
滋賀県湖南市 吉永字森下96番3
東京都武蔵野市中町三丁目1735番1の一部 
神奈川県横須賀市安浦町2丁目14-14 
兵庫県神戸市西区 樫野台五丁目１番４５
東京都稲城市 大字坂浜字十八号1445番26
埼玉県さいたま市大宮区 北袋町1丁目250-6
栃木県宇都宮市石井町 
大阪府豊中市 緑丘4-14-5
東京都練馬区中村南一丁目10番1号 
東京都江戸川区北小岩8丁目581-7、581-8 
大阪府河内長野市 長野町89番1
埼玉県鴻巣市 宮前字本田153-8
東京都渋谷区 
滋賀県近江八幡市 十王町字御子1203-37
東京都品川区 東五反田3-5-8
岡山県倉敷市 
埼玉県さいたま市 緑区馬場2丁目8番18、17
群馬県高崎市 芝塚町
東京都渋谷区 東一丁目14-3
東京都清瀬市 下清戸三丁目917番1の一部、917番3
東京都武蔵野市 吉祥寺北町4丁目1391番99
奈良県奈良市 
東京都渋谷区 
東京都世田谷区 尾山台1-209-2
東京都世田谷区 松原1-1-3
大阪府池田市 大和町3085番6
神奈川県中郡二宮町 二宮75-22
山口県下関市 豊浦町?字?串字?堂10008番121の?部
東京都世田谷区 砧6丁目27-8(旧住居表示)
千葉県四街道市 栗山字荒山897番14
新潟県新潟市中央区 女池5丁目8-4
京都府京都市左京区 下鴨西半木町65-3
香川県綾歌郡宇多津町 1907番1、1908番1、1908番2
群馬県伊勢崎市 太田町1071番3
富山県高岡市 米島624
東京都世田谷区 若林1丁目41-2
埼玉県さいたま市緑区 大字中尾字緑島2341番47
東京都練馬区 石神井町1-21-5
東京都西東京市 北町二丁目1250番48
東京都町田市 相原町１８０３番31
新潟県新潟市中央区 関屋浜町139
新潟県五泉市 https
神奈川県横浜市西区 御所山町
神奈川県藤沢市 鵠沼海岸2丁目
東京都港区 
東京都世田谷区 
大阪府泉佐野市 日根野3425番4
兵庫県加古川市加古川町中津字ヲドノ上615番2 
滋賀県東近江市 五個荘七里町246番1
滋賀県東近江市 今崎町字北條401番
京都府京都市左京区 修学院十権寺町3番地7
東京都西東京市 下保谷5丁目2-10
東京都杉並区 和泉3丁目10-7
東京都目黒区 柿の木坂一丁目53番6
福岡県糟屋郡篠栗町 大字篠栗4072-2、4076-3
東京都杉並区 和泉3丁目38-18
福岡県中間市 中尾三丁目3089-162、3089-170、3089-163、3089-169
愛媛県松山市 来住町560-3、560-14
大阪府豊中市 宮山町2丁目230番42
三重県伊勢市本町16-5 
長野県北佐久郡立科町 大字芦田八ケ野86
東京都港区 南青山1-12-28
新潟県長岡市 稲穂
東京都目黒区 南1-24-2
新潟県長岡市 長倉町　https
東京都国立市 中3丁目5-31
山口県下関市 安岡町5-8、5-9、5-25
滋賀県彦根市 平田町８５２－１、８５２－2
埼玉県富士見市 大字下南畑字竹ノ内3664-10
岐阜県多治見市 坂上町7丁目　https
愛知県あま市 花長川内72
愛知県半田市 平地町三丁目87番2
京都府京都市山科区 
滋賀県大津市 比叡辻１丁目４
滋賀県大津市 比叡辻１丁目４
神奈川県横浜市青葉区 もみの木台34-4
茨城県日立市 久慈町六丁目6030
神奈川県川崎市宮前区 
静岡県浜松市中央区 志都呂1-22-19
新潟県長岡市 中之島2013-31
東京都東村山市 秋津町一丁目12番21の一部、12番55
東京都目黒区 上目黒4丁目4-23
新潟県長岡市 長倉4丁目48、49
東京都豊島区 南大塚1-60-5
大阪府堺市美原区 さつき野西三丁目７-１０
静岡県沼津市 
千葉県館山市 
大分県大分市 牧3丁目15-15
東京都西東京市 保谷町一丁目1225番1、12
東京都江東区 
埼玉県入間市 大字野田字八木宮戸1195-11の一部
埼玉県さいたま市西区 プラザ819-2,814-2,795-22
東京都あきる野市 
神奈川県横浜市鶴見区鶴見中央5丁目 
神奈川県横浜市青葉区榎が丘54-10 
東京都羽村市 
東京都内 
東京都武蔵野市 吉祥寺北町三丁目９５２番５１７
静岡県菊川市半済字小作1935番3 
神奈川県綾瀬市 
兵庫県神戸市須磨区 高尾台二丁目
北海道内 
埼玉県和光市 中央2丁目
埼玉県和光市 中央2丁目
東京都江東区 
千葉県南房総市 白浜町滝口字砂原5580番311
大阪府東大阪市 新庄3丁目
兵庫県西宮市 清水町3-43
東京都世田谷区 下馬3丁目7-7
千葉県南房総市 
東京都北区 堀船1-11-34
千葉県富津市 
愛知県豊田市 蘭町大下5-2の一部、12-1の一部、12-5の一部
東京都大田区 
東京都府中市 武蔵台3-10-3
兵庫県神戸市北区 有野台七丁目3番15
神奈川県横浜市中区 
大阪府箕面市 桜三丁目151番6
埼玉県さいたま市見沼区 深作5丁目113,111
岐阜県羽島郡岐南町 徳田7丁目24-1
兵庫県芦屋市 東芦屋町144番の一部
東京都台東区 花川戸2丁目3番4の一部、3番19、3番24、3番25
岐阜県瑞穂市 
兵庫県神戸市 灘区青谷町4丁目560番3，560番78
愛知県岡崎市 東本郷町字荒井前43番2、42番2
大阪府 天王寺区国分町
福岡県大野城市 大城2丁目64-260・261・219　乙金ヒルズ3号地
佐賀県佐賀市 唐人1丁目２番、3番
京都府宇治市 明星町3丁目12-21
京都府京都市北区 紫野下鳥田町16番1
島根県雲南市 木次町山方15番12
大阪府 羽曳野市南恵我之荘五丁目716番1
東京都国分寺市 本町四丁目2864番6
神奈川県横浜市神奈川区 
滋賀県野洲市 西河原字天皇前2026番31
大阪府泉佐野市 日根野1011番4
宮城県仙台市青葉区 高松2丁目18-46
新潟県長岡市 鳥越字高原
神奈川県横浜市西区 
神奈川県小田原市 久野字三京窪4121-18の一部
埼玉県入間市 小谷田一丁目922番4、922番24
東京都調布市 
東京都中央区 
群馬県前橋市 下新田町　431番1
熊本県熊本市内 
兵庫県宝塚市 美座2丁目175-2
東京都練馬区 平和台
茨城県潮来市 日の出七丁目10番40、同番41
和歌山県西牟婁郡白浜町 大古字秋葉前572番5の一部、572番11の一部、575番8の一部
埼玉県川口市 
岐阜県各務原市 鵜沼古市場町2丁目210番4
愛知県丹羽郡大口町 上小口1丁目651番
愛知県名古屋市西区 城西2丁目1803
東京都杉並区 西荻北一丁目67番2
栃木県河内郡上三川町上三川４７６３－５ 
東京都八王子市 子安町3-33-18
愛知県名古屋市中村区 大正町3丁目36番
東京都葛飾区 細田4丁目
大分県大分市 大字田尻字中園1486番5
静岡県熱海市 
東京都調布市 富士見町1丁目20番地1外
熊本県上益城郡嘉島町 大字上六嘉字龍ノ前649-1
栃木県那須塩原市 崎玉字稲村6-38の内
東京都品川区 荏原1丁目506番地41
兵庫県三田市 
神奈川県横浜市保土ケ谷区 上菅田町字七里堀418 番7,418番128
兵庫県明石市 西明石北町1丁目3番7
大阪府大東市 野崎四丁目119-23、24
兵庫県西宮市 若草町1丁目86番の一部
香川県観音寺市 高屋町385番2
東京都世田谷区 砧7丁目12-15
東京都世田谷区 代沢4番205番3
東京都江東区 
山梨県北杜市 大泉町西井出字石堂8240番5911
長野県北佐久郡軽井沢町 軽井沢1342番23
東京都江東区 
東京都東村山市 久米川町１丁目１５番8の一部
新潟県新潟市西区 小針台 
東京都立川市 砂川町四丁目12番6
静岡県浜松市中央区 舞阪町弁天島字西野島浦2658-281,294
大分県大分市 
京都府舞鶴市 伊佐津230番地
兵庫県神戸市東灘区 御影山手5丁目17-14
東京都杉並区 浜田山
東京都世田谷区 等々力7-4-4
東京都杉並区 高円寺南二丁目293番2
東京都西東京市 泉町3丁目10
群馬県高崎市 上中居町字早道場22-13
兵庫県姫路市 飾磨区富士見ケ丘町5番8
大阪府貝塚市 石才90-7付近
東京都世田谷区 経堂2-27-未定
東京都世田谷区 新町2丁目23-4付近
東京都杉並区 高井戸西三丁目2123番41
千葉県我孫子市 つくし野6丁目57-7
神奈川県横浜市青葉区 松風台27-13
東京都小金井市 貫井南町四丁目205-23
岡山県岡山市南区 東畦743番14、743番17
神奈川県横浜市青葉区 千草台3番10
神奈川県鎌倉市 鎌倉山３丁目1440、1442-2
愛知県あま市 七宝町遠島南萱苅島　16番
京都府宇治市 小倉町老ノ木18番10、9
兵庫県芦屋市 奥池町１番１６５
千葉県千葉市中央区 登戸1丁目12-6
東京都町田市 
群馬県高崎市 棟?町113--06、113-07
神奈川県横浜市西区 御所山町
東京都練馬区 東大泉3-23-1
神奈川県横須賀市 秋谷
神奈川県横浜市西区 御所山町
東京都目黒区原町２－１５－１１ 
埼玉県戸田市 
東京都江東区 
神奈川県中郡二宮町 二宮75-22
神奈川県横浜市西区 御所山町
東京都世田谷区若林４－２０４－３０ 
東京都練馬区 東大泉1-20-16
東京都羽村市 
東京都内 
東京都内 
愛知県名古屋市内 
東京都文京区 後楽2-6-1　住友不動産飯田橋ファーストタワー30階
東京都小金井市 
東京都世田谷区 代田1丁目376－9
千葉県千葉市若葉区 
岐阜県中津川市 茄子川字絹屋867番4
福岡県田川郡川崎町 大字川崎333-5
愛知県岡崎市 北本郷町字野添87番他
神奈川県横浜市西区 御所山
東京都大田区 中央5丁目
東京都大田区 中央5丁目
東京都大田区 中央5丁目
東京都中央区 
東京都大田区 中央5丁目
東京都大田区 中央5丁目
東京都杉並区南荻窪四丁目221番3の一部 
大阪府大阪市阿倍野区 北畠１丁目２２?１５
京都府長岡京市 長岡一丁目414番25
東京都渋谷区 西原2丁目20-5
神奈川県横浜市港北区 小机町2600ー10
北海道札幌市内 
北海道札幌市内 
東京都練馬区 春日町二丁目2409番46，2409番47
東京都新宿区 
千葉県千葉市緑区あすみが丘７ー２３ー４ 
神奈川県横浜市西区 御所山町
沖縄県沖縄市 
北海道札幌市内 
北海道札幌市内 
北海道札幌市内 
東京都武蔵野市 吉祥寺北町3丁目6-25
東京都調布市 
埼玉県さいたま市浦和区 
埼玉県所沢市上新井2-1-10 
東京都文京区 向丘2丁目249-11
長崎県長崎市 西山台一丁目346番176
愛媛県松山市 市坪南二丁目
愛知県名古屋市東区 
岐阜県各務原市 鵜沼
東京都豊島区 千早2－32－2
千葉県千葉市 千葉県千葉市花見川区検見川町5丁目2244-2、2243-10
東京都世田谷区 新町2丁目23-4付近
東京都江戸川区 西小岩
新潟県新潟市中央区 女池
東京都武蔵野市 吉祥寺本町3丁目21-19
東京都世田谷区 経堂1丁目
広島県広島市佐伯区 石内北3丁目15-9
広島県広島市佐伯区 石内北3丁目15-8
東京都目黒区 中根2-17-6
石川県輪島市 
岐阜県加茂郡川辺町 福島290-2
長野県北佐久郡軽井沢町 大字長倉字小谷ヶ沢2139番1862
大阪府大阪市中央区 谷町4丁目２－１－２５
愛知県名古屋市東区 代官町2004番1
神奈川県逗子市 逗子4-11-30
新潟県加茂市 都ヶ丘　https
新潟県長岡市 希望が丘南6丁目15-6　https
大阪府大阪市北区 天神橋7丁目14?3付近
神奈川県横浜市西区 御所山
東京都品川区 南大井5-10-13
静岡県三島市 沢地258-5、260-3、外2筆
東京都東村山市 美住町1丁目西野様邸新築工事
東京都府中市 住吉町２－２４－２
京都府京都市伏見区 深草大亀谷大山町223番地
東京都世田谷区 深沢1ー4ー17
兵庫県神戸市垂水区 小束台868-1129
大阪府摂津市 千?丘東四丁?373-2
愛媛県松山市 北条辻585-1
大阪府 南河内郡河南町大字中169番4
兵庫県川西市 緑台四丁目9番6
神奈川県相模原市 中央区矢部四丁目13-14
千葉県千葉市稲毛区 長沼町259-46
埼玉県狭山市 大字下奥富字弁天通1451
東京都葛飾区 東四つ木2丁目322番23,35
群馬県高崎市 剣崎町字森下232-5、232-3、232-1、232-8、232-7
東京都豊島区 池袋本町２丁目325-5
東京都杉並区 永福二丁目４７５番３２
埼玉県入間市豊岡二丁目133番13,133番14,134番1,134番7の一部,134番9の一部 
東京都府中市 
東京都豊島区 
東京都杉並区 高円寺南三丁目433番13の一部
東京都武蔵野市 
千葉県千葉市花見川区 横戸町1149-8
福岡県糟屋郡粕屋町大字江辻??字長福寺901番2 
東京都渋谷区 
東京都目黒区 
千葉県流山市 流山四丁目392番地1
長野県中野市 大字更科字南腰巻1番1、3番1、5番4
長野県北佐久郡軽井沢町 大字長倉字大日向5749番
静岡県沼津市 山王台1661-12
東京都江戸川区 西瑞江五丁目15-43
岐阜県加茂郡白川町 
愛知県名古屋市千種区 
大阪府堺市中区 深阪6丁431番
神奈川県鎌倉市 台2-6-7
愛知県豊川市 長沢町字八王子18番地2
茨城県常総市 伊左衛門新田町字白郷下193番、194番
栃木県下野市 祇園五丁目19番1
岐阜県本巣市 北方町高屋条里3丁目3番1
愛知県名古屋市内 
東京都大田区 大森北4
東京都八王子市 石川町3234番14
青森県青森市 桜川4丁目1098番
熊本県上益城郡益城町 大字馬水
大阪府泉南郡岬町 淡輪
東京都武蔵野市吉祥寺東町 
東京都品川区 豊町2-17-8
三重県松阪市 中道町401-1,401-2
大阪府大阪市住吉区 遠里小野6丁目-40-5(地番)
新潟県新潟市北区 東栄町3丁目4-12
福岡県福岡市博多区 
新潟県燕市 吉田920-12
神奈川県川崎市高津区二子 
愛知県一宮市 光明寺本郷屋敷５２?１
東京都国分寺市 新町一丁目15番33、同番36
埼玉県熊谷市 
新潟県燕市 吉田西太田　https
新潟県十日町市 
兵庫県洲本市 由良町由良字大釈7-2
群馬県高崎市 中大類町692番1、690番1
京都府京都市上京区 
東京都世田谷区 
東京都練馬区 石神井町1-21-5
中野区新井３－３２－７ 
東京都武蔵野市 境4丁目372番26、28
静岡県浜松市浜名区 尾野1213-4
静岡県静岡市葵区 大原字横ノ崎16番1
栃木県宇都宮市 屋板町菅谷117-2、117-5
岐阜県関市 平賀
京都府京都市北区 小松原北町23-2.24-2.46-18
静岡県駿東郡長泉町 竹原字上松林81番4
大阪府豊中市 庄内宝町
福岡県朝倉郡筑前町 二字堂ノ原240番3の一部、242番15の一部
東京都狛江市 東和泉2-19-5
神奈川県鎌倉市 今泉台六丁目900番257
愛知県東海市 大田町下浜田1010，1009
大阪府八尾市 
大阪府高槻市 
栃木県宇都宮市 星が丘二丁目1898-16、1898-28、1898-185
新潟県新潟市秋葉区 船越　https
新潟県刈羽郡刈羽村 下高町1384-1
静岡県磐田市 城之崎二丁目6番1
愛知県北名古屋市 九之坪
東京都立川市 高松町3丁目146番1
東京都北区 滝野川1丁目31-3,-28
東京都東大和市 仲原4丁目14-3
埼玉県さいたま市桜区 山久保2丁目5-2
東京都三鷹市 井口4丁目248-1の一部
東京都小平市 小川町2丁目1141
愛知県名古屋市緑区 鳴海町石畑1番7、1番8、1番9
兵庫県姫路市 東山19-1
東京都福生市 
大阪府泉南郡熊取町 つばさが丘北三丁目1番190
千葉県千葉市稲毛区 稲毛町5-302-2の一部
東京都目黒区 
東京都八王子市 
東京都杉並区 阿佐谷北二丁目536番6
東京都国分寺市 
東京都八王子市 
北海道内 
茨城県ひたちなか市 
新潟県十日町市 沖立1953番3
東京都大田区萩中2丁目155番19 
東京都葛飾区 亀有5-7-9
東京都目黒区 原町1-32-4
東京都江戸川区 本一色3-28-11
大阪府東大阪市 永和一丁目10番6
山梨県南都留郡鳴沢村 字富士山８９９８番
東京都東久留米市 小山三丁目531番26
東京都杉並区 
神奈川県横浜市緑区 鴨居１丁目90番地11
東京都目黒区 自由が丘1丁目19-18
京都府舞鶴市 愛宕中町2-7
長野県伊那市 美篶9014番1の一部
東京都杉並区 下井草2丁目
東京都中野区 中野5-1-15
宮崎県都城市 高崎町大牟田２１４１－５
京都府京都市右京区 嵯峨越畑南ノ町21番・22番の一部
東京都練馬区 春日町1-39-14
愛知県一宮市 長島町1丁目18-6
愛知県刈谷市 東境町登り坂100
大阪府大阪市東住吉区 山坂1丁目77番1の一部
兵庫県西宮市 甲陽園西山
岐阜県岐阜市 正木1981-5
大阪府内 
滋賀県米原市 
東京都世田谷区 新町１丁目２０付近
東京都新宿区 
東京都新宿区 
和歌山県岩出市 高瀬字際ノ神47-2、50-13、50-19
岐阜県中津川市 那須川字庚申前70番1
愛知県名古屋市南区 豊田1丁目6-10
東京都福生市 
兵庫県西宮市 
埼玉県鴻巣市 箕?字九右エ門1281-1の?部
福岡県糸島市 前原北二丁目1592番1
大阪府大阪市生野区 小路東2丁目55-20,55-14
和歌山県和歌山市 松江西二丁目
大阪府泉南市 信達市場４４５番６２
和歌山県和歌山市 布施屋５０７番22
大阪府岸和田市 上松町511番99
東京都世田谷区 瀬田4丁目
東京都世田谷区 尾山台3-13
茨城県ひたちなか市 武田420-13付近
茨城県牛久市 田宮二丁目23番5、23番6
東京都世田谷区 岡本2丁目28番6号の一部
山口県岩国市 多田2‐108‐2
埼玉県越谷市 七左町一丁目25番6
兵庫県姫路市 香寺町溝口字川田329番4
埼玉県朝霞市 宮戸四丁目704-20
東京都世田谷区 奥沢5丁目
三重県桑名市 西方字宮之浦689-1、690-3、688-1、690-1の一部
大分県別府市 南立石２１７２?４９ https
大分県大分市 王子西町７?６ https
香川県高松市 太田上町
東京都東村山市 野口町1-7-12
東京都杉並区 高円寺北4-24-5
新潟県新潟市東区 東中野山7丁目55番7
愛媛県松山市 持田町一丁目146-1,146-3,146-4,147-8
新潟県長岡市 柿町　https
石川県鳳珠郡能登町 
石川県鹿島郡中能登町 
神奈川県鎌倉市 梶原三丁目1157番52、-46
岐阜県羽島市 江吉良町江西2丁目
奈良県香芝市 穴虫2868番85、2868番86の一部
京都府京都市左京区 一乗寺青城町91
埼玉県秩父市 上町1丁目1676-15、-8、1679-1
東京都狛江市 西野川三丁目890番1の一部
東京都大田区上池台3-8-12 
大阪府豊中市 新千里北町1丁目5-9
神奈川県逗子市 
神奈川県逗子市 
新潟県上越市 春日野1丁目6-31　https
埼玉県所沢市 
東京都世田谷区 深沢1丁目14(以下未定)
愛知県名古屋市南区 北内町2丁目38-2
千葉県千葉市中央区登戸五丁目15番23 
和歌山県日高郡印南町 大字津井299番1の一部
東京都足立区 栗原二丁目4-11
千葉県八千代市 萱田1042
京都府京都市左京区 修学院貝原町4番6、4番7
大阪府貝塚市 脇浜四丁目574番2・576番12
埼玉県川越市 神明町57-14
長野県長野市 吉田二丁目414番8
東京都大田区 1-35
岐阜県岐阜市 大字長森岩戸字東谷　919番1
群馬県吾妻郡嬬恋村 大字大前字細原2286番286、287、288
茨城県猿島郡五霞町 大字元栗橋字土与部3315番1
大阪府和泉市 府中町五丁目561番7
神奈川県横浜市保土ケ谷区 
愛知県刈谷市 
東京都内 
東京都大田区中央3丁目 
静岡県駿東郡長泉町 竹原
新潟県見附市 緑町１２?３２
新潟県長岡市 台町1丁目90番
東京都大田区 田園調布二丁目41-12
東京都目黒区 
愛知県春日井市 東野町西2-27-13
神奈川県厚木市 水引1-17-22
神奈川県藤沢市 亀井野字渋沢3274番24
愛知県豊田市 永覚町上高根11-4
東京都内 
兵庫県西宮市 北口町542番
大阪府大阪市内 
大阪府箕面市 4丁目12
千葉県柏市 十余二
埼玉県上尾市 
愛知県一宮市 丹陽町五日市場字屋敷203番1，203番2
神奈川県大和市 福田字甲五ノ区 1325-3
兵庫県神戸市東灘区 篠原中町3-7-15
愛知県名古屋市西区 浄心二丁目702番
奈良県北葛城郡広陵町 馬見南3丁目20-18
東京都世田谷区 上野毛1-3-19
新潟県三条市 横町2丁目（https
京都府京都市西京区 大枝南福西町二丁目14-9
岡山県倉敷市 玉島八島1384-2
東京都新宿区 高田馬場4－22－30
埼玉県所沢市 宮本町1丁目643-6
新潟県長岡市 中之島
埼玉県毛呂山町大字下川原字表1011-5、-9、1012-3 
埼玉県川越市 志多町5番4
埼玉県所沢市 大字南永井字南一本木880-4
千葉県富津市 富津2345-24
埼玉県坂戸市 厚川80番地4の一部
東京都豊島区千早三丁目12番51 
北海道虻田郡ニセコ町 字曽我225-10
岐阜県瑞穂市 別府字堤内三ノ町5 3 8 - 5
群馬県安中市松井田町 
千葉県成田市美郷台二丁目27-10，27-11の一部 
千葉県成田市美郷台二丁目27-11の一部，27-12，-13 
東京都文京区春日2丁目85番25 
群馬県佐波郡玉村町 
大阪府大阪狭山市 
群馬県佐波郡玉村町 
東京都八王子市 中野町2541-4
神奈川県厚木市 水引1-17-22
東京都新宿区 市谷仲之町43番5
東京都文京区大塚5丁目 
愛知県岡崎市柱曙2丁目9-15 
東京都杉並区 和泉3丁目38-18
埼玉県新座市北野3丁目2084-15、2084-24 
埼玉県新座市北野3丁目2084-15、2084-24 
神奈川県川崎市宮前区 有馬3丁目9
香川県高松市 円座町字上円座2017番11
大阪府高槻市 大冠町２丁目８?２５
徳島県鳴門市 大麻町字板東大林19番1
栃木県宇都宮市 中里町字東原249番82
滋賀県草津市 川原三丁目字里居420番6
東京都台東区 
東京都武蔵野市西久保３ー４－２３ 
東京都羽村市 川崎2丁目
東京都青梅市 新町2丁目
愛知県名古屋市昭和区 南山町15番13他
茨城県守谷市 板戸井字前畑1608番1
東京都目黒区 目黒本町4丁目
東京都内 
茨城県常総市 水海道宝町字石宮2851番1
神奈川県藤沢市 
京都府京都市伏見区 
京都府宇治市 
東京都東村山市 青葉町一丁目17-66
埼玉県草加市花栗4丁目17番 
東京都八王子散田町4丁目319番15 
栃木県宇都宮市 今泉新町字東谷268番2、同番7
東京都世田谷区船橋３丁目290-3、390-4 
神奈川県横須賀市 
東京都中野区 本町2-49
京都府長岡京市今里樋ノ尻1番13 
大阪府大阪市東住吉区 照ヶ丘矢田２丁目８８１ー８
京都府京都市左京区 下鴨宮崎町59番88.89
京都府京都市北区 上賀茂深泥池町77番
愛知県東海市 名和町石田64番3
茨城県水戸市 河和田町字一丁田4948番21
兵庫県姫路市 綱干区大江島字西ノ下616番6、616番5
兵庫県神崎郡福崎町 
新潟県三条市 西裏館3丁目　https
東京都内 
神奈川県横浜市西区 
東京都武蔵野市境南町五丁目1486番57の一部、1486番129 
静岡県浜松市中央区 佐藤2丁目5
東京都文京区 
東京都江戸川区一之江七丁目７番８の一部 
東京都練馬区豊玉中１丁目1009-2の一部 
神奈川県横浜市内 
京都府京都市右京区 山越中町13他
高知県高知市 曙町１丁目３８?１９?８
東京都世田谷区 砧6丁目265番5
群馬県高崎市 藤塚町字高田282-5
鹿児島県霧島市 隼人町小浜8番、10番
検証用 
福岡県福岡市中央区 輝国2丁目1
滋賀県守山市 赤野井町字紺屋渕1531番1
東京都世田谷区 玉川台2-10-15ﾙﾋﾟﾅｽ用賀501号室
滋賀県大津市 木戸字北出畑321番1
千葉県安房郡鋸南町 元名6-6付近
新潟県新発田市 住吉町　
新潟県新潟市中央区 長潟947
新潟県五泉市 太田1159-5
岐阜県岐阜市 鹿島町8-12
神奈川県横浜市緑区 
東京都東大和市 南街5丁目87-7
千葉県流山市 流山4-392-1
千葉県流山市 流山4-392-1
東京都杉並区 浜田山3丁目35番15号
東京都世田谷区 下馬3丁目7-7
愛媛県松山市 久米窪田町871-1
静岡県沼津市 大岡
東京都世田谷区 玉川4-18-3
埼玉県白岡市 新白岡4丁目1番3
兵庫県神戸市垂水区 本多聞３丁目６-２４
静岡県熱海市清水町392番2、21 
大阪府大阪市中央区 
京都府京都市中京区 
兵庫県神戸市灘区 
東京都板橋区大原町29-5 
大阪府大阪市中央区 
東京都板橋区 
東京都台東区 松が谷4丁目1番以下未定
広島県広島市東区牛田旭２丁目１０２４－７ 
神奈川県藤沢市本鵠沼１丁目２６６４－６２ 
京都府京都市上京区 亀屋町122-2
愛知県豊川市 御津町御馬西34-16、34-17
福岡県筑紫野市 
神奈川県横浜市保土ケ谷区 霞台
神奈川県横浜市保土ケ谷区 霞台
神奈川県横浜市保土ケ谷区 霞台
神奈川県藤沢市 辻堂東海岸1丁目
神奈川県藤沢市 辻堂東海岸1丁目
神奈川県藤沢市 辻堂東海岸1丁目
東京都杉並区 井草
東京都杉並区 井草
東京都杉並区 井草
神奈川県横浜市瀬谷区 東野台
神奈川県横浜市瀬谷区 東野台
東京都小平市 
大阪府堺市美原区 
埼玉県春日部市 増富字本田耕地-3
埼玉県東松山市 大字石橋字庚塚1680番23
埼玉県白岡市 西8丁目18-24、-25
京都府八幡市 
東京都東久留米市 下里5丁目615-6,594-18
埼玉県上尾市 二ツ宮719-10、719-11、721-4
東京都世田谷区 船橋3丁目
静岡県浜松市内 
静岡県浜松市内 
愛知県刈谷市 
埼玉県秩父郡長瀞町 大字中野上字竹ノ内386番27
岐阜県加茂郡白川町 三川303-1
兵庫県神戸市西区 伊川谷町有瀬字大西735番1（地番）
兵庫県芦屋市 奥池南町
愛媛県松山市 和泉北一丁目19番3号
兵庫県尼崎市 南武庫之荘5丁目63-1
東京都武蔵野市 吉祥寺本町3丁目21-19
東京都大田区田園調布5丁目29-6 
静岡県熱海市 桜木町1468-1
長野県北佐久郡軽井沢町大字発地字大原1061-19 
兵庫県姫路市 飾磨く阿成中垣内1066-8
兵庫県姫路市 広畑区西蒲田30-25
兵庫県姫路市 飾磨区中島字真鶴砂田1301番2・1302番2
東京都目黒区 五本木1丁目19-8
東京都品川区 大井4-11-33
兵庫県高砂市 荒井町扇町510番7
北海道釧路市 鶴ケ岱3丁目35-495
山梨県北杜市 長坂町小荒間1790-1
東京都目黒区 自由が丘1-24-12
岐阜県恵那市 東野字不毛1093番2、1093番6
埼玉県越谷市 赤山町2丁目24-3,-11
埼玉県所沢市 秋津字旧安松道283-11
埼玉県越谷市 大字平方字横手前3071-3、10、-1、3
兵庫県芦屋市 平田町55番、55番-1(地番)
東京都内 
静岡県浜松市 中央区石原町687-2
島根県隠岐郡西ノ島町 大字別府４０６番地２３
東京都文京区 小日向2-22-1 ｸﾞﾗﾝﾘﾋﾞｵ久世山403号室
大阪府高槻市 
東京都町田市 成瀬が丘三丁目14番4
愛知県日進市 赤池町村東28番21
東京都立川市栄町二丁目49番1 
岐阜県大垣市 墨俣町上宿字北浦６９番２(分筆予定地番)
東京都品川区西大井 
埼玉県久喜市 本町 1-2-60
兵庫県姫路市 阿保20街区-10画地
大阪府箕面市 箕面8丁目１２－３
東京都世田谷区 鎌田3-1-10
広島県広島市佐伯区 美鈴が丘東二丁目3?2
千葉県千葉市 稲毛区稲毛台町12番（以下未定）
東京都大田区池上7丁目19-5 
大阪府松原市 三宅東一丁目1760-28
滋賀県近江八幡市 安土町下豊浦字十七4765番の一部、4766番1の一部　https
神奈川県横浜市神奈川区 高島台15-28
東京都豊島区千早３丁目４１－１６ 
兵庫県宝塚市 山本中2丁目
愛媛県松山市 市坪北2丁目9-16
福岡県糟屋郡久山町 大字久原字滝ヶ下2623番1
兵庫県豊岡市 日高町道場3-7
兵庫県豊岡市 日高町道場3-5
奈良県橿原市 城殿町7－23
大阪府東大阪市 吉田七丁目96番5
奈良県奈良市 西千代ケ丘3丁目2127番2
東京都葛飾区 奥戸２丁目７?７
北海道虻田郡ニセコ町 字曽我756番8
東京都葛飾区 奥戸２丁目７?７
埼玉県さいたま市南区 大田窪2丁目810-3他
大分県由布市 
静岡県静岡市清水区 三保4025-1
静岡県静岡市駿河区 用宗四丁目974番7
長野県松本市 大字岡田下岡田字堀ノ内143番4
千葉県木更津市 千束台一丁目16番3・16番4
千葉県富里市 立沢新田字宮沢６１番７３、７４
東京都大田区新鎌田 
神奈川県藤沢市辻堂新町 
神奈川県相模原市中央区中央五丁目4948番13 
栃木県宇都宮市 
東京都世田谷区 
東京都杉並区 今川3-9-14
東京都足立区 
兵庫県西宮市 上甲東園三丁目120番15（地番）
兵庫県西宮市 
神奈川県横浜市中区 相生町
愛知県名古屋市千種区 星が丘山手616
東京都港区 
兵庫県姫路市 大津区勘兵衛町2丁目１５６
東京都台東区 上野桜木2丁目45-27,52-5,45-56（地番）
東京都新宿区 喜久井町39
東京都新宿区 喜久井町39
東京都新宿区 
滋賀県大津市 
東京都大田区池上7丁目19-5 
東京都江東区 住吉1-3-14
神奈川県横浜市西区 
大阪府大阪市都島区 毛馬町1丁目46-20
大分県大分市 
栃木県下野市 紫
東京都町田市 南町田一丁目30番5、29番5、29番6
東京都練馬区 豊玉南一丁目
神奈川県小田原市 東町３丁目69－4
滋賀県大津市 今堅田一丁目字堂511番10・511番11・511番12
埼玉県吉川市木売2-7-10 
東京都目黒区 自由が丘1丁目290番6、290番9
東京都北区上中里二丁目３１番１６，２５，２７，２８，３０ 
奈良県葛城市 林堂256-1、257
神奈川県三浦郡葉山町 堀内字戸根山2199-7,14、一色字谷112-10
東京都武蔵村山市 学園三丁目27番17､21
神奈川県横浜市都筑区 
東京都目黒区中町1丁目13-1 
愛知県大府市柊山町二丁目95番 
埼玉県さいたま市大宮区 
大阪府枚方市 
滋賀県大津市 唐崎一丁目５５１番５、５５１番１６
神奈川県伊勢原市 沼目4丁目225番4
滋賀県大津市 木下町字西ノ庄255-1
東京都江東区 深川1丁目1-2シャンボール門前仲町1101
北海道釧路市 緑ケ岡2丁目3-1の内
長野県北佐久郡軽井沢町 
埼玉県さいたま市内 
東京都渋谷区 猿楽町19-1
東京都世田谷区 成城7-29-38
東京都大田区中央5丁目２３－２ 
新潟県新潟市中央区 小張木２丁目４?５　https
神奈川県横浜市瀬谷区 
神奈川県横浜市瀬谷区 
神奈川県横浜市瀬谷区 
神奈川県横浜市瀬谷区 
東京都内 
福岡県福岡市東区 和白2丁目
東京都青梅市 
東京都福生市 
京都府京都市西京区 
神奈川県横浜市西区 
東京都墨田区 
東京都文京区 本郷3丁目
和歌山県和歌山市 本町5丁目33番
愛知県長久手市 前熊一ノ井1ー1078.1ー1238.1ー1265
神奈川県平塚市南原2丁目15-19付近 
和歌山県和歌山市 神前字焼野238番3の一部、236番6の一部
北海道札幌市東区 北50条東14丁目839-140
岐阜県安八郡輪之内町 福束字上沼９4番
大阪府 大阪市城東区東中浜三丁目509-63の一部
福井県福井市 
愛知県名古屋市中川区 万場5丁目1703-1
大阪府堺市美原区 
東京都世田谷区 若林5-30-2
大阪府四條畷市 蔀屋本町127-11
埼玉県越谷市 蒲生1丁目411-1
埼玉県所沢市 大字山口字鶴舞2649番3
東京都町田市 鶴間六丁目1455
茨城県鹿嶋市 大字宮津台4744番13
東京都清瀬市 下宿2丁目406-4
神奈川県横浜市 
東京都昭島市 拝島町一丁目70-4
神奈川県横浜市都筑区 中川一丁目3番1号
東京都八王子市 
東京都町田市 三輪緑山2丁目13番15
栃木県宇都宮市 江曽島1324番80
沖縄県石垣市 
高知県宿毛市 山奈町芳奈字坪ノ内1113番1、11
東京都八王子市 南陽台一丁目1823番52
京都府八幡市 美濃山幸水28番3
兵庫県西宮市 甲子園5番町13番，14番
千葉県君津市 常代字上ノ台８２５－１３
埼玉県さいたま市大宮区 高鼻町2丁目285-6
神奈川県藤沢市 鵜沼藤が谷二丁目
山梨県南都留郡忍野村 忍草字臼久保3126-3外
東京都立川市 錦町1-13-12　立川ｻﾆｰｺｰﾄ1003号室
東京都八王子市 下柚木3-1　ﾘｰﾃﾞﾝｽｽｸｴｱ南大沢B-1106号室
愛知県岩倉市 稲荷町樋先28
神奈川県鎌倉市 七里ガ浜
埼玉県さいたま市内 
大分県中津市 大塚
愛知県犬山市 上坂町17-2
東京都内 
東京都八王子市 
東京都品川区 戸越一丁目575-11
千葉県流山市 市野谷
群馬県邑楽郡大泉町 
滋賀県湖南市 
神奈川県横浜市西区 
東京都内 
東京都内 
東京都品川区 西中延3丁目528番11
滋賀県大津市 馬場2丁目599番2
静岡県駿東郡長泉町 竹原宇高田395番13、395番14
東京都内 
神奈川県鎌倉市 
和歌山県紀の川市 西大井字西原302番12、304番8、304番25
東京都港区 
東京都練馬区 
愛知県名古屋市西区幅下1丁目124 
滋賀県大津市 大江4丁目15-6
大阪府大阪市平野区 永吉出戸8‐2132
京都府内 
神奈川県横浜市神奈川区 西寺尾2-32-3
広島県広島市内 
広島県広島市内 
東京都立川市 西砂町6丁目66-3
大阪府大阪市西淀川区 野里2丁目264-1
東京都町田市 下小山田町790番1
東京都目黒区 上目黒2297番31、2297番49
東京都杉並区 天沼2-7-以下未定
東京都目黒区 上目黒4-41-8
東京都狛江市 東和泉3丁目2631-15・2630-1-Aの一部
栃木県宇都宮市 峰町三丁目18番7号
静岡県掛川市 細田222番地
長野県北佐久郡軽井沢町 大字追分342番17
東京都大田区田園調布4丁目44－15 
神奈川県中郡二宮町二宮字下向浜36番15の一部 
福井県坂井市 丸岡町八ツ口50字畑ケ田4番4号
愛知県西尾市 和気町北裏38番3
埼玉県さいたま市中央区 本町西二丁目1585-24
東京都内 
東京都豊島区 
東京都内 
岐阜県加茂郡坂祝町 酒倉1374-6
東京都葛飾区 東水元二丁目823番2,3,4
愛知県日進市 赤池箕ノ手土地区画整理組合17-1街区2-2番(保留地)
岐阜県岐阜市 
東京都世田谷区 玉堤1丁目14-8　ﾙﾐﾈ尾山台207号室
東京都文京区 本駒込１丁目１０?１１ 白山ヒルズ501
東京都渋谷区 上原三丁目1238番2
埼玉県坂戸市 三光町5-3附近
千葉県木更津市 畔戸1934番1、1934番2
千葉県千葉市花見川区 畑町
大阪府東大阪市 新庄3丁目11-20
千葉県松戸市 根本13-1中銀松戸マンシオン1101号室
福岡県みやま市 瀬高町下庄2214-1
大阪府大阪市中央区 法円坂1-1-40 ﾒﾛﾃﾞｨｰﾊｲﾑ法円坂　805号室
東京都昭島市 つつじが丘１丁目
東京都昭島市 つつじが丘１丁目
東京都昭島市 つつじが丘１丁目
東京都昭島市 つつじが丘１丁目
東京都中央区 
埼玉県さいたま市浦和区 常盤3-1-9　ファミリエール浦和常盤801
東京都豊島区 
神奈川県足柄上郡松田町 
東京都中央区 
東京都江戸川区小岩7丁目1368番1の一部 
東京都足立区千住仲町103番32 
東京都杉並区高円寺南5-1-10 
静岡県下田市 須崎字田ノ上1253番8
神奈川県鎌倉市 
東京都台東区 
東京都練馬区 
兵庫県姫路市 町田135-1
神奈川県三浦郡葉山町 長柄1642-309
滋賀県大津市 葛川町
長野県諏訪市 湖岸通り5丁目1026-11、1026-8
大阪府枚方市 枚方元町4-15
大分県大分市 
大分県大分市 向原東2丁目1-28
福岡県福岡市内 
福岡県福岡市内 
滋賀県野洲市 西河原919-10の隣
埼玉県さいたま市 西区三橋5丁目1018-1
愛知県清須市 一場御園849-1
静岡県伊東市 赤沢380-48
兵庫県西宮市 南郷町55 1号地
神奈川県川崎市幸区南幸町三丁目119番1 
神奈川県高座郡寒川町 一之宮一丁目220
大阪府守口市 
東京都世田谷区弦巻２－４０－８ 
埼玉県越谷市 川柳町一丁目42-3
大分県宇佐市 大字法鏡寺2-10
兵庫県西宮市 川西町1-19
大阪府大阪市阿倍野区 
東京都中野区 中野二丁目4番　号未定
東京都内 
愛媛県伊予市 下吾川1990-1、1991-3
大分県大分市 大道町三丁目2304番16，2304番40
埼玉県川越市 
神奈川県秦野市柳町1-17 
千葉県市川市 香取一丁目10
東京都江東区 富岡2丁目19番3
東京都世田谷区 砧１丁目２８-２１
神奈川県横浜市泉区 上飯田町字内山3608番19
愛知県名古屋市守山区天子田三丁目101番 
愛知県安城市 里町本郷38番1・63番の各一部
茨城県那珂市 本米崎字原2403番6、2404番6
愛知県小牧市 大字文津字西野々下167番4、167番5
埼玉県さいたま市浦和区 常盤４丁目４?２２　ライオンズヴィアーレ浦和常盤公園202
東京都武蔵村山市 学園4丁目27-2
東京都板橋区 板橋1-2-11　グレーシア板橋403号室
愛知県大府市追分町4丁目98 
京都市下京区万寿寺通御幸町西入堅田町589番1、589番2、590番1 
神奈川県藤沢市 片瀬山4-19-14
栃木県那須郡那須町 大字高久乙字遅山3376番1223
福岡県福岡市西区 今津字長浜4798番95の一部
新潟県新発田市 長畑296番１
岐阜県多治見市 赤坂二丁目106番1の一部
岡山県岡山市北区 撫川1231
神奈川県秦野市 東田原字下原860番1、861番1の各一部
東京都中央区 銀座三丁目
東京都八王子市 北野台三丁目1102番137、1107番7、1200番154
新潟県新潟市西区 平島３丁目７番1，７番14
千葉県千葉市美浜区 真砂20-10,20-137
埼玉県熊谷市 箱田27-1,-2,-3,-4
東京都新宿区 
埼玉県川越市 木野目323-1
東京都中央区 
東京都中央区 
東京都豊島区 
新潟県新潟市東区 白銀1丁目17番4
神奈川県藤沢市 辻堂6丁目
埼玉県鴻巣市 筑波2丁目381-15、-16、-14の一部
東京都品川区 西中延1-10-11
京都府京都市東山区 本町十五丁目754番9
大阪府寝屋川市 打上宮前町243-12，243-36，659-2
大阪府寝屋川市 打上宮前町243-12，243-36，659-2
大分県大分市 王子新町66番2
東京都渋谷区 上原3丁目1277-31
静岡県静岡市葵区 住吉町2丁目88番4
東京都練馬区 桜台3-42-19
神奈川県横浜市緑区 
大阪府河内長野市 千代田南町823-62
愛知県江南市 宮後町中町54番
東京都内 
兵庫県赤穂市 字茶木内119番1、120番1、3、4、5、6、121番の各一部
神奈川県川崎市多摩区 
神奈川県 
東京都国分寺市 東恋ヶ窪6-11-1
東京都品川区小山 
東京都大田区池上三丁目38-19 
香川県高松市 六条町字下所７８４番２０
東京都内 
大阪府泉佐野市 長滝1583番5
神奈川県中郡二宮町 
神奈川県横浜市青葉区あざみ野2丁目35-33 
東京都江戸川区東小松川3丁目4491番1 
東京都江東区 大島3丁目27-1
埼玉県狭山市 狭山台4丁目13-8
東京都台東区 谷中　三丁目132番9
東京都江戸川区東葛西四丁目50番3号 
神奈川県鎌倉市 大町五丁目2055番9、同番10(地名地番)
広島県広島市内 
京都府京都市内 
新潟県新発田市 富塚町
大阪府寝屋川市 河北東町476番20
京都府内 
神奈川県川崎市宮前区 
東京都八王子市 めじろ台1-29-17
埼玉県東松山市 松山町1丁目1004番3
神奈川県鎌倉市 七里ガ浜東3丁目
神奈川県藤沢市 鵠沼海岸2丁目
神奈川県藤沢市 鵠沼海岸2丁目
神奈川県藤沢市 鵠沼海岸2丁目
神奈川県横浜市都筑区 池辺町4486-5
東京都豊島区 目白五丁目1940番10
東京都世田谷区 六丁目3番27
東京都八王子市 みつい台1-27-7
京都府京都市東山区 本町八丁目79
愛知県北名古屋市 
愛知県北名古屋市 
東京都大田区 田園調布1-28-3
兵庫県揖保郡太子町 東川325-7.8.9.10
大分県大分市 王子山の手町
大阪府大阪市淀川区 木川東4丁目67-7
広島県廿日市市 
東京都中野区 大和町1丁目67-2　ｻﾞ・ｳｲﾝﾍﾞﾙ高円寺802号室
茨城県稲敷市 伊佐部830番地
東京都港区 
東京都江東区 清澄白河3丁目
東京都調布市 飛田給1-3-8
東京都青梅市 新町5-27-2
栃木県宇都宮市 石井町2578
東京都東村山市 久米川町4-37-7
群馬県邑楽郡大泉町 
神奈川県横浜市旭区中白根4丁目1028-169 
東京都港区 
東京都目黒区 
新潟県長岡市 宮栄3丁目
東京都千代田区 
東京都新宿区 
東京都港区 
埼玉県さいたま市中央区 
千葉県印西市 
千葉県我孫子市 市岡発戸1284-1
兵庫県西宮市 湯元町8-17
愛知県名古屋市緑区 鳴海町大清水東69-1120
東京都葛飾区 奥戸２丁目７?７
大阪府泉南郡熊取町 五門西二丁目181番3
東京都江戸川区 鹿骨1丁目63-3
東京都国分寺市 
大阪府枚方市 伊加賀栄町24-3
埼玉県川越市 中原町一丁目3番10
東京都調布市 布田4丁目
宮崎県日向市 日知屋字枦山704-1、705-1、703
東京都世田谷区 
福岡県春日市平田台四丁目11番の一部 
長野県安曇野市 穂高7153番3・7153番6
福岡県春日市平田台四丁目11番の一部 
兵庫県丹波市 柏原町柏原字新町瑞南1055番
広島県廿日市市 丸石二丁目8035番、8039番3
静岡県田方郡函南町 平井字新林12番10
東京都内 
東京都あきる野市 高尾31-2
愛知県岡崎市 福岡町字大廻１番５、１番６、１番７、２０番２の一部、２０番１１、２１番４
東京都世田谷区 瀬田1-30-8
新潟県新潟市江南区 横越上町
神奈川県海老名市 東柏ヶ谷2-5-3
神奈川県海老名市 東柏ケ谷2丁目5-3
静岡県浜松市中央区 葵西
東京都大田区 
埼玉県川越市 
兵庫県姫路市 広畑区才字堂ノ前632
東京都大田区 
大阪府大阪市東成区 大今里1丁目11-24
東京都大田区 
新潟県南魚沼郡湯沢町 大字湯沢字七水口1918番13
新潟県新潟市秋葉区 新津東町二丁目206番4
新潟県長岡市 下々条　https
新潟県上越市 木田2丁目　https
岐阜県岐阜市 
神奈川県鎌倉市 鎌倉山 2-18-7
岐阜県岐阜市 加野2丁目16-33
東京都青梅市 野上町2丁目17-13
神奈川県足柄上郡山北町 向原字下鷲鷹1649番7
神奈川県逗子市 久木4-3-5
神奈川県鎌倉市 笛田一丁目115番3、119番、119番2、120番の各一部
東京都西東京市 田無町三丁目304番7
東京都内 
東京都世田谷区 北沢５丁目
愛知県田原市 
東京都渋谷区 
埼玉県久喜市 菖蒲町三箇字堤下784番の一部、782番1の一部
埼玉県さいたま市西区 西大宮三丁目23番地1の一部
埼玉県久喜市菖蒲町三箇字堤下784番の一部、782番1の一部 
東京都多摩市 連光寺５丁目12-18
新潟県上越市 大字下中田字南沖316番23、316番26
埼玉県さいたま市西区 
千葉県千葉市中央区白旗二丁目20番10の一部 
埼玉県所沢市大字上安松字中道570番7の一部 
千葉県柏市高田字上野台子1243番2 
東京都中野区 鷺宮3丁目30-3
奈良県桜井市 
愛知県豊川市中央通3丁目27番 
北海道札幌市東区東雁来8条4丁目2番1 
東京都荒川区 西尾久4丁目20－1マイキャッスル田端さくら通り　406号室
愛知県豊橋市 南大清水町字元町１１６番・１１７番
愛知県豊橋市 
神奈川県逗子市 逗子1丁?7-21
新潟県十日町市 新座甲436番地3
大阪府泉佐野市 日根野3733-1
新潟県新潟市江南区 早通6丁目147番3
群馬県沼田市 西原新町
新潟県新潟市東区 紫竹4丁目850番5
兵庫県芦屋市 
岩手県久慈市 門前第1地割25番4
愛知県稲沢市 
兵庫県加古川市 米田町平津571
愛知県名古屋市中村区 稲葉地町3丁目56番地
岡山県総社市 溝口字土野162番20
埼玉県さいたま市大宮区 
愛知県一宮市 北方町中島東郷32
神奈川県川崎市中原区 木月三丁目３５
神奈川県川崎市中原区 木月三丁目３５
東京都日野市 三沢1丁目21番7の一部
新潟県新潟市秋葉区 新町3丁目227番6
東京都大田区久が原1丁目37-3 
神奈川県横浜市青葉区 
東京都港区 
東京都昭島市 
東京都昭島市 
京都府京都市中京区 鏡屋町26
東京都板橋区 
東京都板橋区大谷口上町4-15 
大阪府大東市 新町13-30
東京都新宿区 
群馬県前橋市 茂木町1201番3
東京都江東区 
神奈川県横浜市泉区 新橋町861-11
埼玉県さいたま市浦和区領家五丁目1134番3 
東京都福生市牛浜107番9の一部 
千葉県千葉市美浜区 真砂2-14-1 ミハマシティ検見川浜I街区818号室
愛知県名古屋市西区 菊井二丁目19-19
東京都江戸川区 小松川3-8-1ﾃｨｰｽﾞｶﾞｰﾃﾞﾝ1221号室
神奈川県横浜市青葉区 松風台27番53、27番55
東京都あきる野市 野辺字川原1255番151
大阪府東大阪市 加納2－12－13
徳島県名西郡石井町 高原字関7-14
東京都荒川区 西日暮里
愛知県豊橋市 神野新田町
静岡県静岡市清水区 堀込
東京都世田谷区 駒沢五丁目20-3
兵庫県姫路市 西今宿8丁目887番地、19筆の一部
東京都世田谷区 若林5-30
愛知県名古屋市内 
大阪府富田林市 
滋賀県東近江市 鋳物師町898
大阪府大阪市都島区 友渕町2-9-27
大阪府吹田市 津雲台3丁目20-142の一部
山形県山形市 蔵王温泉字上ノ代80番9、81番3、81番8、81番9及び83番2
千葉県館山市 
愛知県豊橋市 多米西町一丁目4番27
宮城県仙台市宮城野区 銀杏町44番の1の一部
静岡県浜松市中央区佐藤1丁目327-1 
千葉県松戸市五香南2丁目15-33 
神奈川県平塚市公所 
茨城県つくばみらい市 下平柳字裏畑556番19
神奈川県平塚市桃浜町96-8,96-9 
東京都品川区 
神奈川県茅ヶ崎市香川六丁目1282番1,1282番3,1284番5 
和歌山県海南市 椋木131
和歌山県有田郡有田川町 大字野田字今城370番2、370番7
東京都世田谷区 下馬6丁目23-7
東京都豊島区 
埼玉県幸手市南三丁目3634番3の一部,3634番1 
千葉県船橋市東船橋六丁目1191,1192-6,1190-5の各一部 
東京都練馬区向山4丁目1301番1 
沖縄県中頭郡中城村 
東京都世田谷区 奥沢6-28-9
東京都新宿区 
東京都大田区 上池台三丁目888番1・15の一部
東京都大田区 
東京都大田区 
埼玉県春日部市 新宿新田字犬塚243-119
愛知県名古屋市千種区 神田町21-10
静岡県浜松市内 
大阪府守口市 西郷通３丁目2番8
東京都昭島市 福島町一丁目555番6
東京都文京区 
東京都品川区 
石川県野々市市 高橋町
富山県高岡市 上関774-5
山梨県中央市 成島字下田2419番3+2419番4+2420番2+2420番3
東京都品川区 平塚1丁目
神奈川県逗子市 逗子一丁目
東京都品川区 大井2-16-9
東京都渋谷区 広尾3丁目49番25
静岡県藤枝市 与左衛門字与左衛門358番、369番3
新潟県新潟市東区 もえぎ野3丁目110-2
東京都新宿区大京町18-9 
滋賀県大津市 杉浦町
茨城県水戸市 自由が丘4590番7
東京都葛飾区 東水元二丁目823番2,3,4
東京都江戸川区東葛西5丁目1855 
福岡県福岡市城南区 別府6丁目433-2他
東京都新宿区 
東京都世田谷区 代沢2丁目18-5
京都府京都市内 
東京都大田区 田園調布5丁目30番22
東京都東久留米市 弥生二丁目
東京都中野区 大和町4-271-14
東京都世田谷区 
茨城県牛久市 中央五丁目2番16
神奈川県横浜市港北区 箕輪町2-3-7　日吉ﾛｲﾔﾙﾏﾝｼｮﾝ410号室
東京都足立区 千住関屋町13-2　ｴｸﾚｰﾙ北千住901号室
大阪府枚方市 茄子作東町184番6
東京都狛江市 東野川3-17-3狛江ハイタウン３号棟703号室
愛知県名古屋市緑区 
東京都西多摩郡日の出町 
東京都港区 
千葉県館山市 船形字丸山1362番地67の一部
東京都内 
京都府京都市左京区 
東京都内 
愛知県日進市 岩崎町芦廻間１１２番１７７０
東京都目黒区 柿の木坂1-25-19
東京都江戸川区 
東京都大田区 中央5丁目
東京都大田区 中央5丁目
東京都武蔵村山市 学園三丁目18-8
東京都武蔵村山市 学園三丁目18-16
神奈川県横浜市港北区 
福岡県福岡市早良区 室見5丁目5-2
大阪府茨木市 南春日丘二丁目1-58
群馬県伊勢崎市 南千木町5226番15
愛知県新城市 浅谷字ホウミツ38
神奈川県横浜市西区 
神奈川県川崎市麻生区 高石1丁目5-4
宮城県塩竈市 宮町13-6
東京都品川区 東五反田5-68-15
東京都世田谷区 若林2-3-5
東京都渋谷区 代々木町44-5
埼玉県川越市 旭町3丁目21-7
東京都練馬区 
滋賀県東近江市 池田町字如来1115番2の一部
神奈川県横浜市西区 戸部本町134-1
京都府京都市左京区 下鴨前萩町12番
東京都小金井市 本町1丁目2-13
愛知県豊田市 朝日町2丁目33-2
愛知県名古屋市 
長野県諏訪郡原村 字原山17217番203
千葉県柏市 
愛知県東海市 荒尾町西川29-2
東京都世田谷区 桜3丁目510番12
岡山県岡山市南区 植松字山田419番2、420番
兵庫県姫路市 菅生台205番
東京都西多摩郡瑞穂町 
東京都北区 
東京都足立区 神明三丁目496番2・16
京都府京都市上京区 一条通七本松東入一観音町426番1
滋賀県草津市 
東京都足立区梅里 
東京都足立区梅里 
東京都新宿区 
愛知県豊川市 本野町西野添29番地
東京都大田区 
群馬県渋川市 半田字剣城721-3
長野県下伊那郡泰阜村 622番1
長野県北佐久郡軽井沢町 軽井沢東9番4
広島県福山市 南手城町２丁目16-12
新潟県新潟市中央区 信濃町11番19
埼玉県白岡市 寺塚45-13
東京都新宿区 喜久井町39
東京都葛飾区 奥戸6-8-4の一部
兵庫県宝塚市 野上6-14-26
和歌山県和歌山市 栄谷字城谷959番537
兵庫県加古郡稲美町 蛸草1143
埼玉県熊谷市 江南中央3丁目11-6
長崎県長崎市 築町5-2
東京都三鷹市 井の頭2丁目18
北海道千歳市 
なし 
新潟県新潟市江南区 北山399　https
京都府京都市北区 紫竹高縄町 31- 2
大分県大分市 
大阪府豊中市 新千里西町三丁目18番3
岐阜県美濃加茂市 太田本町4丁目8-2　https
東京都多摩市 南野3ｰ5-30
千葉県木更津市 瓜倉61番付近
宮崎県延岡市 昭和町三丁目1980番
新潟県燕市杣木　https
千葉県館山市 西川名1278-2他
兵庫県姫路市 安富町三森字向イ206番1,207番,208番
長野県茅野市 北山4035番地内S-9区画
香川県高松市 
三重県四日市市 広永町924
神奈川県横浜市青葉区 桜台38-9青葉台ﾊﾟｰｸ･ﾎｰﾑｽﾞ2番館205号室
埼玉県北葛飾郡杉戸町 倉松三丁目391番3
東京都中野区 大和町三丁目139番17号18号
東京都内 
岐阜県本巣市 
東京都世田谷区 
東京都渋谷区 千駄ヶ谷四丁目17-6
東京都世田谷区 野毛3-13-2
静岡県駿東郡清水町 柿田字門田68-11、-12、-13
兵庫県神戸市東灘区 住吉東町1丁目
兵庫県川西市 鼓が滝三丁目1-52
東京都世田谷区 
愛知県岡崎市 東大友町字塚本55-1
神奈川県藤沢市 
東京都内 
東京都国立市富士見台1-25-10 
兵庫県宝塚市 御所の前町52番
千葉県船橋市東船橋四丁目3015番5,3015番6の各一部 
鳥取県米子市 
東京都中央区 
東京都大田区 
東京都立川市 
東京都港区 
愛知県名古屋市千種区 南明
東京都目黒区 
東京都東久留米市幸町２－１５－１７ 
東京都杉並区 高円寺北3丁目
東京都八王子市別所２丁目62番 
神奈川県藤沢市 
東京都世田谷区 喜多見2-8-10
埼玉県さいたま市桜区 大字神田字西中279番1
大阪府大阪市天王寺区 
福岡県福岡市博多区 
東京都内 
長野県駒ヶ根市 経塚15695番13
大分県中津市 
滋賀県彦根市 須越町
東京都大田区 
岐阜県可児市 
京都府京都市下京区 東中筋通七条上る文覚町396番5
神奈川県横浜市泉区 和泉中央南2丁目15
愛知県名古屋市西区 中小田井四丁目351番
大阪府堺市西区 下田町202番2
新潟県西蒲原郡弥彦村 大字弥彦字三百尻577
千葉県夷隅郡御宿町 御宿台335番3
愛知県名古屋市千種区 青柳町7丁目34番5,34番8
東京都世田谷区中町2丁目9-19 
東京都練馬区関町北1丁目 
東京都葛飾区西亀有三丁目13番18 
東京都江東区 
新潟県新潟市江南区東船場4丁目１３８５－１ 
滋賀県草津市 青池町字堤戸791番17
東京都新宿区 富久町21-15
東京都北区 十条仲原1丁目
愛知県岡崎市 青木町1-16
滋賀県甲賀市 水口町的場96番地
大阪府豊中市 中桜塚3丁目10番12号
神奈川県横浜市西区 
東京都東村山市 野口町一丁目28番47
東京都昭島市 
京都府京都市下京区 八百屋町58
福岡県京都郡苅田町 尾倉３丁目１１-６の一部
滋賀県大津市 松本1丁目
東京都世田谷区 北烏山二丁目11-5
福岡県福岡市城南区 茶山5丁目
神奈川県茅ヶ崎市 浜竹三丁目3976-65の一部
大阪府東大阪市 島之内２ 丁目１ ２ -７ (地番）
神奈川県鎌倉市 七里ガ浜東2丁目2222番14・2222番58
兵庫県明石市 
熊本県熊本市内 
兵庫県神戸市東灘区 岡本5丁目1123番28
三重県松阪市 
新潟県見附市 学校町
東京都内 
東京都中央区 
東京都世田谷区 
東京都江戸川区 
大阪府大阪市天王寺区 上本町６-308-1の一部
東京都杉並区 清水2-23-23
東京都世田谷区 奥沢
高知県高知市 西塚ノ原115-41
埼玉県朝霞市 溝沼7丁目1178-7
神奈川県川崎市川崎区川中島１丁目 
香川県丸亀市 
福島県田村市 滝根町菅谷字深和田20番1，20番2の各一部
熊本県 阿蘇郡南阿蘇村大字河陰字岩神3619番3の一部
東京都世田谷区 等々力1-29-6
長野県長野市 吉田1丁目100-60
東京都目黒区 中目黒3-24-3
東京都渋谷区東3丁目6-12 
東京都八王子市 廿里町44-1
東京都世田谷区 駒沢2-33-16
岐阜県多治見市 
東京都練馬区 北町6丁目28-10
東京都目黒区 駒場四丁目861番276
新潟県新潟市北区 つくし野
神奈川県横浜市西区 御所山町
神奈川県横浜市西区 御所山町
新潟県小千谷市 本町1丁目48番
京都府京田辺市 松井山手
岐阜県中津川市 千旦林字辻原1753番16
東京都大田区 北千束一丁目36-17
大阪府河内長野市 日東町623番449
岐阜県中津川市 
東京都八王子市 
大阪府大阪市西淀川区 百島一丁目165番19、170番4
東京都世田谷区粕谷三丁目7-12（地番） 
東京都内 
大阪府高槻市 芝谷町500番244
東京都江戸川区南葛西五丁目5番5 
兵庫県加古郡播磨町 西野添2丁目171番
福岡県遠賀郡岡垣町 大字黒山字山ノ口1016番2の一部、1017番の一部
東京都東村山市 諏訪町1丁目30-1
大阪府吹田市 
大阪府内 
岩手県紫波郡矢巾町 大字南矢幅第９地割106番37
東京都中央区 佃2-10-9
東京都杉並区桃井2丁目３８－１１ 
愛知県豊橋市 東小田原町75番1
神奈川県鎌倉市 寺分三丁目871番47の一部
兵庫県洲本市 五色町鳥飼浦字五色浜2599-905　https
熊本県下益城郡美里町 堅志田字北ノ原２７１番16
茨城県つくば市 学園の森3-44-1
愛知県刈谷市 司町二丁目７０番
兵庫県姫路市 飾磨区亀山字亀山125番1
奈良県香芝市 穴虫107-1　ｸﾞﾛｰﾊﾞﾙ二上駅前Ⅱ 508号室
神奈川県大和市 草柳2-24-44
千葉県成田市 米野
宮城県仙台市青葉区 八堀4丁目12-15
愛知県 豊橋市 
東京都世田谷区桜二丁目５８０番１３ 
千葉県成田市大袋字並木添654-60、-61 
愛知県一宮市住吉1-20-18 
栃木県芳賀郡益子町 大字大平630-7
東京都渋谷区本町２丁目１０－１３ 
東京都品川区 大井3丁目
大阪府豊中市長興寺南4丁目 
埼玉県さいたま市緑区美園6丁目 
奈良県奈良市 
東京都調布市 入間町1丁目28番16
兵庫県宝塚市 
福岡県大野城市 上大利五丁目303番
岩手県北上市 青柳町
大阪府内 
埼玉県熊谷市 
和歌山県日高郡印南町 大字印南1370-1
兵庫県芦屋市 翠ヶ丘町19-8　ﾛｲﾔﾙ芦屋翠ヶ丘201号室
埼玉県入間市 大字下藤沢字筑地501-3
茨城県つくば市 天宝喜字弥太郎内530番3
静岡県御殿場市 
長野県北佐久郡御代田町 大字御代田4108-827,830,267,2083
埼玉県上尾市 
東京都新宿区 高田馬場3-38-15
茨城県龍ケ崎市 貝原塚字中島3091番4
福岡県糸島市 志摩松隈字前田58番9
埼玉県さいたま市緑区 三室2504-1
長野県諏訪市 
東京都八王子市 加住町一丁目254番24
埼玉県白岡市 
東京都文京区 
東京都狛江市 
新潟県新潟市江南区 
東京都西東京市 南町
埼玉県加須市 北篠崎1151-1
東京都 
東京都世田谷区 北沢
神奈川県川崎市中原区 宮内1-6-38
茨城県つくば市 谷田部字不動町1920番8
福岡県久留米市 
東京都荒川区 西日暮里4-15-8,9
神奈川県横浜市中区 
愛知県名古屋市内 
長野県松本市 
千葉県佐倉市 西ユーカリが丘5-8-1,-20,-21
東京都大田区 中央5丁目
東京都大田区 中央5丁目
東京都国分寺市 東恋ヶ窪6-11-1
新潟県新潟市西区 坂井東5丁目173番8・173番12
東京都世田谷区等々力 
千葉県浦安市堀江五丁目1362番 
東京都杉並区永福町二丁目46-12 
東京都文京区 
東京都多摩市 連光寺
東京都品川区 
大阪府内 
埼玉県川口市 
埼玉県川口市 本蓮1-12-13
滋賀県草津市 南草津プリムタウン三丁目5-8
京都府京都市左京区 浄土寺東田町33-2
岡山県岡山市中区 江並424-2
京都府内 
埼玉県所沢市 北秋津516番2、525番2
京都府内 
埼玉県北本市 中丸5丁目161
茨城県水戸市 
東京都練馬区 氷川台2-12
岐阜県本巣郡北方町 高屋白木2丁目44-2(TEL
東京都新宿区 下落合４－１２－１５
兵庫県姫路市 辻井8丁目436番259
東京都世田谷区 桜新町１－３７－９
神奈川県横浜市金沢区東朝比奈一丁目2628番119、120 
東京都目黒区 下目黒4－20－20
兵庫県尼崎市 七松町3丁目274番・275番(地番）
東京都目黒区 緑ヶ丘1丁目
千葉県市原市 
東京都内 
静岡県沼津市 大平字御陵木2695番7
埼玉県さいたま市大宮区桜木町 
東京都新宿区 
山形県山形市 蔵王温泉字上ノ代80番9、81番3、81番8、81番9及び83番2
東京都内 
佐賀県東松浦郡玄海町 大字仮屋字仮屋642番、642番1、642番2
愛知県名古屋市緑区 鳴海町字細根91-4-303
岐阜県岐阜市 早苗町五丁目18番
茨城県取手市 戸頭茨城県取手市戸頭二丁目３０番２５、２６
東京都千代田区 
東京都練馬区 練馬二丁目6210番7の一部
東京都新宿区 
東京都渋谷区代々木5丁目17-3 
岐阜県大垣市 長松町字牛伏　316番2
東京都大田区南六郷１－１６－１１ 
東京都世田谷区 砧5丁目8番31号M38 平井6-7-4
和歌山県和歌山市 
東京都渋谷区 
東京都 
愛知県名古屋市北区 
愛知県田原市 
神奈川県鎌倉市台 1丁目8番付近
愛知県名古屋市名東区 社台1丁目67-5
大分県大分市 
兵庫県西宮市 甲子園口2丁目11-19
兵庫県明石市 大久保
埼玉県熊谷市 船木台5-14-10
東京都板橋区 赤塚3-11-3
愛知県一宮市 八幡3丁目2-14
大阪府堺市南区 泉田中
名古屋市南区明円町349-1、349-2 
東京都渋谷区 松濤１丁目１３?２２
東京都中央区 
静岡県駿東郡長泉町 竹原字上松林127-4
福岡県福岡市南区玉川町20-16 
神奈川県横浜市神奈川区 神大寺1-3-6ﾛｲﾔﾙﾌﾟﾗｻﾞ三ツ沢503号室
東京都中央区 
千葉県柏市今谷上町字南小割22番44 
東京都品川区 
千葉県富里市十倉２５３－２２１ 
神奈川県川崎市麻生区高石二丁目1 1 9 3番1 2 
神奈川県藤沢市 善行五丁目3658番12
神奈川県横浜市戸塚区 汲沢2-1-5ﾌﾟﾗｲﾏﾙｼﾃｨﾋﾙﾄｯﾌﾟ・ｺｰﾄF棟206号室
東京都練馬区 貫井二丁目１０１８番１２
長野県東御市 八重原3533番1080
福岡県糸島市 志摩久家字西口2906番
新潟県新潟市北区 内島見817-1
東京都府中市 白糸台3丁目
東京都港区 
東京都八王子市 
東京都葛飾区 
東京都中野区 
東京都江東区 
東京都江東区 
東京都世田谷区 世田谷１丁目405-26
東京都渋谷区 
埼玉県川越市 広栄町4番地16
東京都世田谷区 桜三丁目451-7
東京都大田区 田園調布1-35-11
東京都杉並区 下井草三丁目146番12
福岡県福岡市博多区 上川端町
東京都板橋区 大山東町53-10
神奈川県茅ヶ崎市 東海岸南五丁目8662番13
愛知県瀬戸市 白山町２丁目８－3
東京都世田谷区 上野毛1-9-23
東京都国立市 東3丁目
神奈川県横浜市金沢区 
栃木県宇都宮市 宮の内１丁目26番1
東京都港区 
東京都世田谷区 成城6-29-19
埼玉県さいたま市大宮区 大成待ち一丁目259-2、260-2、-3
埼玉県上尾市 上町1-70-371，1-70-372
東京都江東区 森下3丁目1-3ﾊｲｼﾃｨ森下202号室
東京都文京区 千石1-4-12
東京都大田区北嶺町２７－８ 
埼玉県日高市 大字高萩字六ツ塚2628番18
埼玉県春日部市 増富字前田243番131
東京都東村山市 野口町四丁目34-41
滋賀県甲賀市 信楽町黄瀬字半シ2944-1
東京都練馬区 北町6丁目28-10
静岡県藤枝市 瀬戸新屋362番35
東京都千代田区 
静岡県静岡市清水区 楠字東田514-4、514-5、514-6、514-7、514-10
東京都練馬区 
滋賀県大津市 
静岡県浜松市浜名区 竜南289番2
岩手県紫波郡 紫波町片寄字二ッ森2-1
三重県桑名市 大字西方字北外面261番5、262番4の一部、262番5
岐阜県恵那市 岩村町富田字上本郷3032番138
神奈川県三浦郡葉山町 下山口1946
長野県上水内郡小川村 大字高府字中之瀬7664番6
兵庫県三田市 尼寺字野呂谷882番31
兵庫県神戸市東灘区 御影山手4丁目183-4
神奈川県川崎市宮前区 宮崎2-12-6　宮崎台公園ｽｶｲﾏﾝｼｮﾝ402号室
東京都立川市 砂川町5丁目30番3
大阪府摂津市 一津屋2丁目440番3
福岡県久留米市 東町480-25
奈良県生駒市 
群馬県前橋市 昭和町289番4、289番5
滋賀県大津市 大江4丁目15-6
京都府京都市内 
岐阜県恵那市 
大阪府門真市 朝日町11-11
山梨県南都留郡山中湖村 山中字茶屋の段248番1の一部
東京都中央区 
東京都港区 
東京都目黒区 大岡山2-38-22
東京都江東区 
東京都練馬区 
三重県名張市 美旗町中１番188番45の一部
東京都世田谷区 瀬田5-20　朝日新聞総合住宅展示場ハウジングプラザ瀬田
広島県府中市 鵜飼町741-3
東京都大田区 蒲田4-45-9 CENT TOWER 3F
愛知県春日井市 柏原町3丁目128
大阪府大阪市住吉区 東粉浜3-2-19
東京都品川区 
滋賀県長浜市 口分田町字北力町521番26
千葉県市川市相之川3丁目1-35 
神奈川県川崎市多摩区菅2-5-8 
兵庫県明石市 
京都府京都市中京区 鏡屋町26-2
東京都世田谷区 成城6-29-19
神奈川県横浜市港北区樽町3丁目1255-1の一部，1280-2 
神奈川県横浜市港北区樽町3丁目1255-1，-4の各一部 
神奈川県横浜市港北区樽町3丁目1255-1，-4の各一部 
岐阜県関市 東田原字唐鋤490番7
千葉県船橋市 習志野台2丁目31-3
滋賀県大津市 
静岡県沼津市 鳥谷3-2他
東京都立川市 
東京都内 
東京都内 
東京都内 
滋賀県守山市 津
東京都羽村市 羽加美4丁目1267-1
埼玉県所沢市 大字下安松字和田横道南1040番1、1040番3の一部
神奈川県平塚市 中原２丁目４４７－１１
千葉県木更津市 金田東4-8-10
東京都町田市 能ヶ谷七丁目１５２１番２６２
兵庫県明石市 上ノ丸２丁目1-31
滋賀県栗東市 下鈎1191-1
静岡県浜松市内 
大阪府内 
東京都渋谷区 西原2丁目18番11（地番）
東京都世田谷区 野毛１丁目９５番１（地番）
千葉県流山市 東深井368-24
愛知県名古屋市西区 菊井1丁目2215-1
大阪府大阪市天王寺区 空清町1-13
大阪府大阪市旭区 赤川4-240-5、6、7
東京都目黒区 駒場3丁目7番16号
大阪府大阪市此花区 春日出北1-10-15
神奈川県三浦郡葉山町 
東京都多摩市 一ノ宮1丁目27-1　ﾗｲｵﾝｽﾞﾌﾟﾗｻﾞ聖跡桜ヶ丘1406号室
栃木県真岡市 石島字丸山702番8
東京都町田市 真光寺二丁目12番9
東京都目黒区南2丁目1863-27 
東京都世田谷区 代沢4丁目
東京都大田区 南雪谷4丁目17-12
東京都千代田区 
東京都港区 
神奈川県横浜市青葉区藤が丘一丁目11番7、8、9、10、11の各一部 
神奈川県横浜市青葉区藤が丘一丁目11番7、8、9、10、11の各一部 
神奈川県横浜市青葉区藤が丘一丁目11番7、8、9、10、11の各一部 
神奈川県横浜市金沢区 能見台3丁目48番8
東京都練馬区 北町6丁目28-10
愛媛県松山市 2番町
東京都世田谷区 等々力
神奈川県鎌倉市 常盤937-189
岐阜県各務原市 上戸町三丁目184,190,191
岐阜県美濃加茂市 新池町2丁目1893－17
東京都新宿区 神楽坂6丁目
東京都練馬区 
愛知県大府市 
東京都港区 
東京都葛飾区 奥戸２丁目７?７
神奈川県川崎市中原区 
東京都世田谷区 下馬6丁目38-21
京都府京都市東山区 一橋野本町46-10
世田谷区代沢4丁目31-6 
東京都東久留米市浅間町一丁目403番6、407番1 
東京都杉並区 善福寺2-3-10
福井県大飯郡おおい町 芝崎12字棚田24番1、26番、25番5、22番5、21番8
福岡県遠賀郡遠賀町 大字虫生津字村前320番、313番3の一部、322番2の一部
群馬県高崎市 山名町　2503-9
群馬県桐生市 広沢町二丁目字愛宕山3094-52
神奈川県横浜市青葉区 新石川2-1-12　ﾄﾞﾚｯｾたまﾌﾟﾗｰｻﾞﾃﾗｽ613
福岡県北九州市八幡西区 千代一丁目3732-87
東京都杉並区 荻窪2丁目42-32
群馬県高崎市 旭町
大阪府貝塚市 東山5丁目4番1,2,14,15
東京都日野市 大字日野
大阪府大阪市東住吉区 南田辺
福岡県福岡市博多区 住吉
東京都内 
神奈川県横浜市神奈川区 
千葉県習志野市谷津五丁目1120番20 
東京都練馬区 高野台3丁目
東京都あきる野市 草花2999-11
福岡県北九州市八幡東区 川淵町1492-13
東京都町田市 つくし野1-28
東京都世田谷区 玉川4-35-10
愛知県豊橋市 
神奈川県中郡大磯町 大磯
福岡県那珂川市 道善・恵子土地区画整理事業地内1街区1画地、1街区2画地
福岡県那珂川市 道善・恵子土地区画整理事業地内1街区1画地、1街区2画地
愛知県小牧市中央五丁目275番4 
東京都神津島村 
東京都神津島村 
千葉県成田市 川上245番224
愛知県名古屋市内 
東京都東村山市 栄町一丁目34番19・20・103
神奈川県横須賀市 桜ケ丘1丁目91-40他
大阪府大阪市中央区 谷町７丁目18番13,14
埼玉県さいたま市内 
新潟県 新潟市中央区 神道寺南2-4-6
東京都八王子市 宮下町142番4
岐阜県岐阜市 桜木町1丁目7番3、7番4、7番6、7番9
東京都武蔵野市 
東京都世田谷区祖師谷六丁目681番17、681番21 
東京都府中市 武蔵台2-35-12
神奈川県藤沢市 
東京都豊島区 
東京都目黒区 東が丘
岐阜県羽島市 吉良町江西二丁目8番
大阪府八尾市 緑ヶ丘
京都府京都市山科区 
滋賀県東近江市 
東京都渋谷区 
三重県松阪市 
東京都渋谷区 
兵庫県芦屋市 公光町８
大阪府大阪狭山市 ??台1丁目13-17
東京都内 
奈良県奈良市 
埼玉県さいたま市浦和区 
東京都内 
東京都内 
愛知県岡崎市 滝町字入ノ谷26番3
東京都世田谷区 代田4-27-19
東京都内 
京都府京都市西京区 大枝東長町1-45
埼玉県川越市 
茨城県神栖市 知手中央3丁目4805番280
千葉県 
神奈川県横浜市神奈川区 
大阪府大阪市港区港晴三丁目17番3、17番20の一部、17番21 
千葉県船橋市 大穴南１丁目32-14
千葉県富津市 富津字相ノ番721番1、721番3、722番1
新潟県三条市 西裏館2丁目403番　https
神奈川県横浜市青葉区 
神奈川県横浜市青葉区 
岡山県岡山市南区 藤田字錦493番21、493番22
千葉県柏市篠籠田字今泉1009番1，2の各一部 
東京都小金井市 東町四丁目81-57
神奈川県横浜市都筑区荏田南5-24-2 
大阪府内 
大阪府大東市 北楠の里町１２６番２０
神奈川県相模原市内 
島根県江津市 江津町674番17
新潟県十日町市 本町1-551-4
東京都品川区 上大崎2丁目３ （ 以下未定）
福井県大飯郡高浜町 
東京都品川区 戸越1－9－4
愛知県名古屋市中村区 五反城町8-9-1
岐阜県大垣市 昼飯町字東山田2056 ～2059
岐阜県大垣市 
神奈川県逗子市 逗子
埼玉県富士見市 鶴馬2638-9
東京都大田区 多摩川1-33
和歌山県和歌山市 
神奈川県藤沢市 
北海道札幌市西区 八軒3条東1丁目 512番6、512番14
北海道札幌市西区 発寒13条4丁目 959番38
北海道札幌市手稲区 前田4条4丁目5番10
東京都新宿区 高田馬場4-17-16
埼玉県越谷市 宮本町5丁目24番1、24番7、24番16
埼玉県上尾市 井戸木二丁目8番23、8番24
福岡県福岡市中央区 薬院
群馬県館林市 
群馬県館林市 
愛知県豊橋市東岩田3-14-8 
埼玉県草加市稲荷五丁目1570番3の一部 
東京都府中市 白糸台６丁目9-6　ﾓﾅｰｼﾞｭ府中白糸台204号室
熊本県熊本市中央区 神水一丁目397番8
栃木県日光市 
熊本県宇城市 松橋町浦川内字丸田295-1他
茨城県つくば市 二の宮
東京都江戸川区 
東京都港区 
千葉県船橋市東船橋3丁目2002-2 
千葉県茂原市柴名249-1 
神奈川県横浜市中区 
鳥取県倉吉市 大平町357番1
大阪府大阪市鶴見区 安田
埼玉県桶川市 泉2丁目1265-26の一部
埼玉県さいたま市岩槻区 西町5丁目5795-1、-2、-8
神奈川県三浦市 
東京都江東区 
千葉県八千代市萱田12119-1 
東京都三鷹市 井の頭二丁目273番68・70
新潟県新潟市秋葉区 矢代田舟戸土地区画整理事業地区内保留地2街区区画④
愛知県大府市 柊山町二丁目156
大阪府東大阪市 中小阪５丁目336番10
東京都文京区 
東京都武蔵村山市大南二丁目36番3の一部 
京都府京都市内 
宮城県大崎市 
大阪府堺市西区 上野芝五丁533-14
東京都港区 
東京都練馬区 下石神井一丁目24番87
東京都板橋区 大谷口北町
東京都板橋区 大谷口北町
東京都杉並区 高井戸西2-18-1ﾊﾟｰｸﾎｰﾑｽﾞ高井戸ｸﾞﾗﾝﾌｧｽﾃｰﾙ308号室
東京都狛江市 和泉本町2丁目1231番8
東京都杉並区 高円寺南1丁目
東京都杉並区 高円寺南一丁
広島県広島市佐伯区 屋代二丁目614番1
埼?県幸?市 
神奈川県川崎市 
東京都青梅市 藤橋二丁目299番1、300番1の一部（3号区）
東京都世田谷区 代田6-9-6
東京都杉並区 下井草3丁目143-2
東京都葛飾区 奥戸２丁目７?７
大阪府東大阪市 新庄3丁目
大阪府大阪市鶴見区 
京都府城陽市 観音堂甲畑42番12、42番16
大阪府東大阪市 善根寺町2-5-30　ｳｨﾗｲﾌﾞ･ｸﾞﾘｰﾝﾌﾟﾗｻﾞ502号室
岐阜県岐阜市 日野南８丁目　1番1
東京都武蔵野市 吉祥寺本町12-2-8
京都府京都市左京区 北白川東平井町24番1
福岡県福岡市中央区 谷二丁目
静岡県駿東郡長泉町 下土狩
岐阜県岐阜市 柳津町高桑三丁目112番
東京都葛飾区 亀有5丁目218番21
兵庫県神戸市東灘区 住吉本町2丁目325番1
岩手県岩手郡岩手町 大字沼宮内第13地割13番15、13番17、1
東京都世田谷区 
広島県東広島市 
兵庫県姫路市 香寺町香呂字村下148番
東京都国分寺市 東元町4丁目
福岡県福岡市南区 市崎1-12-6
静岡県沼津市 大岡502-24
愛知県知多郡東浦町 
東京都内 
東京都豊島区 
東京都中央区 
東京都稲城市 
東京都町田市 忠生3-16
埼玉県蕨市 北町二丁目3987番1,4,5,6
東京都昭島市 
福岡県福岡市中央区 谷二丁目
東京都八王子市 
愛媛県松山市 土居田町
鹿児島県鹿児島市 
東京都内 
岐阜県高山市 三福寺町413-18
静岡県浜松市中央区 村櫛町
東京都千代田区 
愛知県安城市 和泉町中本郷256番
静岡県沼津市 西沢田
東京都小金井市 貫井南町4丁目
東京都墨田区 
大分県別府市 石垣東7丁目5-5　https
神奈川県横浜市都筑区 東山田4-30
静岡県伊東市 八幡野字株尻1283-56
東京都品川区 
神奈川県横浜市港北区 2丁目
新潟県上越市 稲　
静岡県駿東郡長泉町 
東京都足立区 東和5丁目14-12ﾗｲｵﾝｽﾞﾏﾝｼｮﾝ綾瀬谷中公園508号室
兵庫県姫路市 香寺町香呂９５?２
兵庫県尼崎市 東園田町6丁目108－5
東京都杉並区宮前３丁目４７５番２７ 
岐阜県岐阜市 加納前田町33
和歌山県和歌山市 新庄字大道端488番12
東京都練馬区 豊玉南1-8-9ﾀｳﾝﾊｲﾂ豊玉202号室
静岡県掛川市 西山字前田194番3
東京都武蔵野市 吉祥寺南町一丁目２６７１番１７，３７
東京都世田谷区北烏山６－３２－２１ 
埼玉県朝霞市溝沼 4-6-16 
神奈川県相模原市緑区 千木良字宮の台２５１－１７（地番）
東京都江戸川区中央四丁目1836番5 
東京都江戸川区平井３－１３６７－５ 
茨城県つくば市 倉掛字二反歩1083番11(ノーブルガーデン倉掛No.1)
東京都文京区 小日向
三重県四日市市 新正2丁目185、187-1、187-2、187-3
長野県松本市 
東京都世田谷区 上野毛三丁目107番2
広島県福山市 駅家町近田287-7
東京都世田谷区代沢2丁目16 
東京都大田区千鳥 
愛知県名古屋市内 
神奈川県横浜市内 
長野県北佐久郡御代田町 
東京都練馬区 石神井町
東京都港区 
静岡県浜松市浜名区 
東京都北区 浮間2丁目5-26
大阪府東大阪市中野1丁目557-1の一部 
神奈川県横浜市保土ケ谷区 川辺町5-2ｻｰﾊﾟｽ横浜星川505号室
奈良県生駒市 元町1丁目
滋賀県大津市 竜が丘字大岩469の20
東京都品川区 
東京都武蔵野市 
東京都内 
千葉県千葉市若葉区 
東京都調布市 若葉町1丁目34-64付近
愛知県名古屋市千種区 御棚町2-37
大分県大分市 大字木田字柿迫791番1、794番4の一部、793番2、794番
千葉県東金市 台方字大作1527バン1
千葉県館山市 
埼玉県さいたま市見沼区 南中野1162-1
山口県美祢市 秋芳町岩永下郷字松崎739番2
千葉県山武郡芝山町香山新田27-1の一部、39-1の一部、41-4、41-5、43-2の一部 
香川県高松市 香川町
東京都武蔵野市 
東京都板橋区 
埼玉県さいたま市中央区 
埼玉県さいたま市南区 白幡5丁目16
東京都世田谷区 奥沢8-346-28の一部
東京都世田谷区 
東京都内 
東京都内 
東京都内 
高知県安芸郡田野町 字東大野5032
静岡県浜松市中央区 西山町227番2
徳島県徳島市 川内町旭野121-1、121-4
東京都練馬区石神井 
京都府京都市南区 西九条猪熊町28-1
京都府京都市上京区 桜鶴圓町375
京都府京都市上京区 桜鶴圓町375
東京都内 
東京都目黒区 
大阪府高槻市 氷室町4-524-7
東京都新宿区 戸山3丁目43
北海道札幌市豊平区 西岡5条2丁目84番18
新潟県妙高市 高柳
新潟県新潟市江南区 天野３丁目1237-1、1236-6
新潟県新潟市江南区 東本町２丁目739-2，738-1
新潟県新潟市西区 浦山1丁目1089番7、1089番9
滋賀県近江八幡市 長田町５２４
大阪府吹田市藤白台 
京都府京都市右京区 嵯峨朝日町3-22
青森県青森市 小柳1丁目36番4
長野県北佐久郡軽井沢町 
東京都北区 豊島6-13-4
兵庫県神戸市北区 柏尾台8番7
東京都東村山市 久米川町五丁目26番32
京都府京都市北区 西賀茂柿ノ木町12-3
京都府向日市 上植野町庄ノ内1-45
埼玉県川越市 大字的場字殿山1993番7
愛媛県松山市 北久米町439-5
岐阜県岐阜市 加納中広江町23
群馬県高崎市 
和歌山県和歌山市 新庄字大道端４７５番２９
埼玉県さいたま市南区 文蔵4-16-14　デュオクラルテ南浦和401
東京都内 
東京都内 
東京都世田谷区 深沢8丁目12-24
東京都練馬区北町一丁目33番2 
東京都中野区 
神奈川県横浜市青葉区 
兵庫県神戸市内 
神奈川県横浜市青葉区 
茨城県笠間市 箱田字宮後1947番1
東京都目黒区東が丘1-28-10 
群馬県高崎市 飯塚町708-1の一部
愛知県江南市 後飛保町新開98番、99番
長野県北佐久郡軽井沢町 
大阪府大阪市中央区 東心斎橋1丁61番5
石川県金沢市 泉野町三丁目205番1
三重県松阪市 垣鼻町
東京都内 
奈良県生駒市 生駒台南1番21
埼玉県上尾市 大字小敷大久保880番15、352番61
福岡県大牟田市 
熊本県熊本市東区 画図町下無田1432-10
千葉県松戸市 
東京都江戸川区 西一之江三丁目1148番1の一部,1148番2
東京都内 
愛知県豊川市 御油町鷲坂11-6、11-10
東京都世田谷区 梅丘
東京都品川区 
島根県松江市 殿町222-1
東京都内 
東京都内 
神奈川県横浜市中区 
東京都内 
東京都内 
岡山県岡山市東区 君津258番6
奈良県天理市 竹之内町
東京都目黒区 鷹番２－９９－３２
神奈川県相模原市南区 
東京都港区 
東京都大田区南千束2丁目207番 
大阪府大阪市都島区 高倉町3丁目
山梨県北斗市小淵沢町上笹尾3332-461 
東京都三鷹市 牟礼3-7-17
滋賀県大津市 葛川貫井
埼玉県熊谷市 江南中央3-11-6
東京都渋谷区 渋谷区広尾2-19-13
東京都目黒区 南1丁目1530番9
東京都国立市大字谷保字峰上7216番1の一部 
東京都葛飾区 水元１丁目26番26,同番27,同番28,同番29
東京都葛飾区 水元１丁目26番26,同番27,同番28,同番29
神奈川県横須賀市 鴨居三丁目1534番17
埼玉県戸田市氷川町二丁目6589番1，6589番2 
神奈川県鎌倉市大船二丁目301番14 
埼玉県川口市戸塚二丁目16番4の一部 
埼玉県さいたま市大宮区櫛引町一丁目451番2の一部 
千葉県習志野市谷津2丁目518-1、-2、-3、-8の各一部 
神奈川県逗子市 逗子四丁目1183番6
群馬県吾妻郡草津町 大字草津字滝下原556番6
福岡県行橋市 大字入覚字大原2924番1
東京都港区 
東京都世田谷区 玉川2丁目12-11
鳥取県鳥取市 湖山西２丁目
埼玉県熊谷市 江南中央3-11-6
埼玉県狭山市 北入曽1094-5
兵庫県明石市 魚住町住吉1丁目2-1
愛知県長久手市 作田1丁目1008番
滋賀県大津市 坂本三丁目字明良1140 1139-1 1139-2 1141
東京都板橋区 
東京都荒川区 西日暮里2-22-1-3108
大阪府内 
東京都中野区 本町四丁目
新潟県新潟市江南区 亀田向陽1丁目1332番6、7、8
愛知県日進市 
佐賀県小城市 小城町字西小路214番1
東京都内 
東京都多摩市 鶴牧3丁目13-1ｸﾞﾘｰﾝﾒｿﾞﾝ鶴牧3　1号棟　204号室
東京都多摩市 永山2-1永山ハイツ住宅2-1-1号棟1103号室
神奈川県横浜市鶴見区 潮田町2-129-4ﾅｲｽｵﾁｱｲｱｰﾊﾞﾝﾊﾟｰｸ潮田402号室
東京都三鷹市 中原1-2-7
山口県下関市 
東京都内 
兵庫県尼崎市 
大阪府大阪市阿倍野区 阪南町
神奈川県川崎市多摩区 登戸515
神奈川県川崎市高津区 二子3-32-1ｸﾚｾﾝﾄ高津Ⅱ104号室
東京都江東区 枝川1-1-10ｺｽﾓ･ｻﾞ･ｷｬﾅﾙ東京ｲｰｽﾄ601号室
東京都内 
東京都内 
東京都内 
新潟県上越市 中央区5丁目754-4,754-7
広島県福山市 東深津町1丁目
愛知県刈谷市 
東京都台東区池之端3－15‐20 
東京都千代田区 
愛媛県松山市 
東京都足立区 
東京都内 
神奈川県鎌倉市 笹目町
神奈川県横浜市戸塚区汲沢4丁目695-2 
東京都港区 
東京都中央区 
神奈川県横浜市中区 
福岡県福岡市西区 今津字長浜4798番95の一部
東京都杉並区 
東京都町田市 
埼玉県狭山市広瀬3-1588-1の一部 
東京都板橋区 蓮根二丁目
広島県広島市南区 東雲本町2丁目770
東京都港区 
東京都目黒区 
東京都渋谷区 
東京都練馬区 高野台
兵庫県芦屋市 山手町
福岡県糟屋郡宇美町 
東京都八王子市 
大阪府内 
群馬県前橋市 江木町1000-4
岐阜県岐阜市 菅生5丁目5-5
東京都昭島市 朝日町5丁目
福岡県京都郡苅田町 尾倉３丁目１１-６の一部
東京都豊島区 雑司が谷2-3-6プチモンド目白502号室
東京都内 
東京都杉並区 
栃木県鹿沼市 
埼玉県久喜市 久喜北1-597
東京都福生市 武蔵野台２丁目
東京都世田谷区 下馬
東京都世田谷区 桜新町1-9-22
千葉県千葉市中央区千葉寺町４４２－１ 
千葉県千葉市中央区千葉寺町４４４－１ 
東京都府中市 白糸台4丁目44-1　車返団地3街区１号棟408号室
東京都内 
東京都大田区田園調布 
大阪府吹田市 藤白台2-2-5
神奈川県足柄上郡大井町 金子字吉原1305番5
東京都北区中十条３丁目５－３１ 
栃木県下都賀郡野木町 大字野渡１６１－４
東京都練馬区 春日町1丁目1771番7
長野県北佐久郡軽井沢町 
長野県北佐久郡軽井沢町 
東京都練馬区 春日町1丁目1771番7
静岡県沼津市 
未確認 
佐賀県鳥栖市儀徳町字浦田3215番3 
東京都世田谷区 
東京都杉並区高円寺北 
宮城県大崎市 
神奈川県茅ケ崎市 
千葉県柏市 西原7丁目5?1
東京都港区 
群馬県甘楽郡甘楽町 大字白倉字下城773 番2
東京都内 
神奈川県鎌倉市 腰越一丁目738番114
東京都渋谷区 
東京都江戸川区宇喜田町1343番8 
茨城県古河市 上辺見字鹿養大道北475番76
鳥取県鳥取市 国府町新通
福岡県みやま市 瀬高町山門字下水町2108番3、他7筆
東京都調布市野水一丁目8番2の一部 
埼玉県さいたま市浦和区 
福岡県みやま市 瀬高町山門字下水町2108番3、他7筆
大阪府富田林市 錦ヶ丘町111番29
大分県大分市 古ケ鶴２丁目１
福岡県福岡市南区 市崎1-12-6
長野県北安曇郡白馬村 神城22203-253付近
長野県北安曇郡白馬村 神城22203-253付近
長野県北安曇郡白馬村 神城22203-253付近
長野県北安曇郡白馬村 神城22203-253付近
千葉県木更津市 真舟5丁目
沖縄県宜野湾市 喜友名2丁目205-1
千葉県勝浦市 松部字大芝417番55　423番9
埼玉県比企郡鳩山町 大字大橋342-8
奈良県生駒市 東生駒１丁目２０９番
神奈川県藤沢市 鵠沼海岸3丁目
神奈川県藤沢市 鵠沼海岸3丁目
長野県諏訪郡原村 
東京都世田谷区桜丘一丁目2604番23 
東京都足立区 旭町２?１１
千葉県松戸市 八ケ崎５-２５-５付近
東京都杉並区南荻窪四丁目221番3の一部 
東京都世田谷区桜丘三丁目２７３９番１２ 
福岡県北九州市内 
東京都国立市 北2丁目28-20
神奈川県横浜市戸塚区矢部町601-6 
東京都練馬区 富士見台
千葉県木更津市中島4364-78 
東京都内 
兵庫県伊丹市 
東京都狛江市 
兵庫県尼崎市 
愛知県名古屋市千種区 東山通二丁目
東京都立川市 
神奈川県川崎市麻生区 万福寺2－2－1
千葉県柏市 加賀1丁目1808-14
東京都内 
東京都練馬区 大泉学園町五丁目3137番8
北海道内 
滋賀県野洲市 
東京都西東京市 芝久保町二丁目1620番2
千葉県松戸市 南花島三丁目57-3,57-4,57-5,57-6及び57-2,57-7の各一部
東京都中央区 
東京都中央区 
大阪府東大阪市 
大阪府大阪市鶴見区 
埼玉県さいたま市見沼区 堀崎町
神奈川県三浦郡葉山町 堀内字葉山525-ロ、525-5、528-B
東京都新宿区 弁天町75
千葉県松戸市 馬橋
東京都内 
東京都足立区 
東京都文京区 小石川1-22-8
福岡県那珂川市 
東京都調布市野水一丁目8番2の一部 
神奈川県藤沢市 辻堂6丁目
東京都調布市野水一丁目8番2の一部 
東京都内 
神奈川県横浜市内 
神奈川県川崎市麻生区 岡上字池ノ谷戸896番9
神奈川県横浜市都筑区 
東京都大田区 本羽田1丁目
大阪府大阪市都島区 中野町4丁目
静岡県静岡市駿河区 青木字四通田814（地番）
岡山県岡山市中区 浜三丁目371番1、371番21、371番22
千葉県木更津市長須賀550-3 
東京都港区 
東京都内 
東京都内 
埼玉県鴻巣市 中井字本村257
和歌山県岩出市 
東京都北区 中十条 地
岐阜県関市 植野字大平下439番1，439番2、440番
埼玉県志木市 本町4‐10‐21
東京都内 
東京都豊島区千早 
東京都豊島区 
千葉県市川市 
岐阜県中津川市 坂下字町平799番1、他
東京都内 
広島県世羅郡世羅町 大字東神崎字千原171-7
奈良県北葛城郡上牧町 滝川台一丁目3282番12､14・3283番22
三重県鈴鹿市 住吉2丁目12-230
愛知県名古屋市西区 枇杷島四丁目1520番、1521番
大阪府堺市西区 
神奈川県川崎市多摩区 
埼玉県さいたま市北区今羽町244番1の一部・244番5 
奈良県北葛城郡広陵町 三吉24
神奈川県横浜市青葉区美しが丘西7-31 
東京都港区 
東京都東大和市 仲原4丁目22番14、15
東京都渋谷区 
埼玉県北足立郡伊奈町 伊奈町西小針５丁目22
東京都大田区 南雪谷2-
愛知県名古屋市昭和区 八事富士見1401番4
愛知県春日井市 
東京都内 
大阪府大阪市北区 
兵庫県尼崎市 
東京都港区 
神奈川県大和市 つきみ野四丁目8番1の一部
東京都内 
長野県佐久市 
香川県高松市 六条町
東京都稲城市坂浜1447-11 
千葉県いすみ市 若山字南下野892番２
神奈川県座間市 ひばりが丘3丁目711-14
愛知県名古屋市中区 千代田2丁目
東京都内 
神奈川県平塚市 
東京都北区 滝野川二丁目27番
大阪府大阪市都島区 都島北通 2-19-2 都島ﾊﾟｰｸﾎｰﾑｽﾞ 504
神奈川県大和市福田七丁目14番5、14番6、14番18の各一部、14番19 
神奈川県大和市福田七丁目14番5、14番6、14番18の各一部 
埼玉県所沢市大字北秋津字二本榎176番2,177番1,178番の各一部 
埼玉県さいたま市南区内谷四丁目240番3の一部 
千葉県船橋市東船橋4丁目39 
東京都目黒区八雲一丁目68番17、68番18 
静岡県三島市 
東京都練馬区春日町２ー１２－２８ 
東京都内 
京都府京都市東山区 祇園町南側604
東京都中野区 南台2-14-8
東京都世田谷区 玉川3丁目
京都府京都市東山区 本町八丁目79
愛知県北名古屋市 熊之庄城ノ屋敷3144番
愛知県北名古屋市 熊之庄城ノ屋敷3144番
東京都文京区 向丘2丁目
東京都町田市金井一丁目872番77 
京都府宇治市 大久保町大竹36番13
静岡県静岡市清水区 草薙字東護1155-6
奈良県奈良市 
神奈川県逗子市小坪3丁目910番8、913番2他 
東京都昭島市 
神奈川県平塚市長持１６９－９ 
奈良県橿原市曲川町1-1235-1,1-1237-1,-2,1-1238-1 
東京都新宿区 
神奈川県横浜市西区 
東京都港区 
東京都台東区 
福岡県福岡市中央区 
埼玉県鴻巣市 滝馬室1093-9
富山県砺波市 
神奈川県藤沢市 辻堂東海岸2丁目
千葉県鴨川市 横渚１　https
茨城県常陸太田市 栄町3310番1の一部(分筆予定)
東京都内 
大阪府大阪市住之江区西加賀屋 1 丁目 
東京都内 
東京都小平市 
東京都世田谷区松原4-19-17 
東京都国分寺市冨士本１－１５－２ 
東京都西東京市田無町三丁目３０１番３ 
東京都世田谷区 
東京都日野市 南平２丁目３－２
栃木県足利市 稲岡町776‐1
長野県北佐久郡軽井沢町 
埼玉県入間市 大字下藤沢字下原591番5
東京都港区 六本木5丁目
滋賀県草津市 桜ケ丘3丁目アイヅリ谷1922番79
千葉県山武郡横芝光町 上原字川端654番7、8　目篠字川端山1954番2、10
埼玉県さいたま市浦和区 
大阪府堺市中区 深井北町29番2
大阪府八尾市山本高安町2丁目32番3及び32番4 
大阪府東大阪市 加納
神奈川県横浜市戸塚区 
新潟県新潟市秋葉区 矢代田　https
埼玉県春日部市 粕壁東1-4-34
東京都港区 
練馬区関町北二丁目６２１－２７，  ６２１－２８ 
神奈川県逗子市 逗子2-6-2
高知県高知市 大津甲1032-26
東京都杉並区 
東京都品川区 荏原
東京都北区 中十条三丁目20番7
三重県名張市 
東京都江東区 
東京都練馬区 南大泉三丁目
千葉県山武市 森字城ノ?678-3
神奈川県大和市 下鶴間2791-69
東京都台東区 台東3‐30‐11
静岡県浜松市浜名区 尾野1213-4
東京都台東区 台東2-4-8
滋賀県草津市 野村4丁目
大阪府枚方市 
愛媛県松山市 空港通2丁目114-1，115-1
京都府京都市北区 出雲路俵町28-4、28-5
東京都杉並区 上荻3-19-18
大阪府大阪市天王寺区 
新潟県新潟市西区 坂井砂山1丁目7-16　https
神奈川県横浜市神奈川区大口仲町53-10 
東京都港区三田二丁目130番1,3 202番15,16 
東京都西東京市 
兵庫県西宮市 
京都府京都市左京区 吉田二本松町57番11
東京都八王子市 
千葉県千葉市花見川区幕張本郷3丁目17-10、17-11 
山口県下関市 一の宮卸本町
長野県茅野市 玉川11153番1・玉川字昼飯場11154番1
東京都内 
東京都台東区 北上野2丁目3-5
埼玉県北足立郡伊奈町 西小針2丁目6番
大阪府交野市 幾野１丁目1891番48
愛知県豊田市 四郷町天道54番1
栃木県宇都宮市 
神奈川県川崎市宮前区 野川本町一丁目215番1
東京都福生市 
東京都大田区 
東京都東久留米市 幸町3丁目1225-１の一部
東京都中央区 日本橋人形町2丁目2-9
東京都品川区 
東京都清瀬市 中里一丁目713番12、1723の一部
東京都目黒区 
兵庫県姫路市 別所町別所北宿
茨城県つくば市 平沢
奈良県奈良市 あやめ池南6-8-13
神奈川県藤沢市 大庭5681
千葉県松戸市 八ヶ崎二丁目30番3
長野県北佐久郡軽井沢町 大字長倉字大日方5591-5
東京都世田谷区 松原1-20-23
千葉県柏市 
東京都府中市 矢崎町2丁目5番5
茨城県つくば市 花室707
栃木県芳賀郡芳賀町 大字祖母井字赤坂道下1699番41
東京都府中市 武蔵台3-25-15
東京都大田区 田園調布1-30-8
奈良県奈良市 若葉台2丁目7-1
栃木県宇都宮市 駒生町字狭又1410番44の一部
東京都調布市 染地三丁目１番842の一部
大阪府摂津市 
茨城県つくば市 篠崎字蛭田岡448番2
千葉県市川市 
奈良県奈良市 敷島町二丁目503番1
埼玉県さいたま市南区根岸1丁目 
東京都世田谷区 新町2丁目23-4付近
千葉県松戸市 
大阪府箕面市 今宮1丁目803番1
埼玉県川口市 飯塚4丁目
宮城県大崎市 
愛知県東海市 中央町7丁目32番
滋賀県草津市 川原3丁目字里居420番3
東京都大田区 
茨城県北茨城市 中郷町汐見ヶ丘五丁目197番85
東京都板橋区 
大阪府堺市内 
神奈川県厚木市 
東京都墨田区 
東京都世田谷区 
東京都渋谷区 
東京都江東区 
埼玉県本庄市 早稲田の杜3丁目16番27
埼玉県志木市 館1丁目1-4志木ﾆｭｰﾀｳﾝ東の森壱番街4号棟410号室
兵庫県尼崎市 南武庫之荘2-11-10　武庫之荘ﾊﾟｰｸ･ﾊｲﾑ 303号室
千葉県袖ケ浦市 神納字柳原1304-21及び1304-1の一部
神奈川県三浦郡葉山町 一色
東京都江東区 
兵庫県宝塚市 泉ガ丘44番1
愛知県小牧市 藤島町向江31
北海道千歳市 蘭越26-47の内
東京都 
東京都八王子市 椚田町555番34
東京都町田市 矢部町字二十六号2840番15
岡山県津山市 
東京都渋谷区 上原二丁目1119番36
東京都目黒区 大岡山1丁目
長崎県長崎市 鳴滝3丁目3-32
長崎県長崎市 錦1丁目9-27
長崎県長崎市 矢の平1丁目2番6号の隣地
茨城県下妻市 宗道字前原209番1の一部
福島県福島市 
新潟県新潟市南区 
東京都中央区 
東京都世田谷区 中町4-25
山口県下松市 大字切山字西河内151番5、151番3の一部
東京都新宿区 
神奈川県横浜市西区 
東京都中央区 
東京都東久留米市 
神奈川県横浜市中区 池袋61
東京都足立区中央本町３－１－３ 
東京都内 
千葉県佐倉市 ユーカリが丘1丁目23番18
長崎県西彼杵郡長与町 岡郷2509の隣
千葉県千葉市美浜区 磯辺7-25-7
千葉県袖ケ浦市 奈良輪
山梨県南アルプス市 
愛知県東海市 富不島町伏見2丁目16-4
広島県山県郡安芸太田町 
東京都国分寺市 本多1丁目
徳島県徳島市 助任本町三丁目1-1
香川県丸亀市 飯野町
香川県高松市 香西本町157-1
東京都品川区 
愛知県岡崎市 東大友町字塚本55-3
京都府京都市北区 上賀茂松本町58
東京都新宿区 神楽坂
埼玉県川口市中青木四丁目571,572-2及び570の一部 
東京都江東区 
東京都足立区 
神奈川県横浜市戸塚区矢部町601-6 
大阪府高槻市 芝生町4丁目39-12
東京都足立区西伊興1丁目54番3 
東京都東大和市 向原六丁目1249-6
滋賀県大津市 逢坂二丁目54-1
長野県伊那市 西町6199番1
東京都内 
高知県高知市 介良414
神奈川県厚木市 
千葉県千葉市花見川区幕張本郷5丁目14-4，5、10 
岐阜県岐阜市 領下5丁目7番
愛知県大府市 半月町四丁目45番
埼玉県さいたま市北区 日進町2-1801-1,2
山口県光市 虹ヶ丘五丁目3236番368
東京都品川区東中延二丁目8番以下未定 
東京都内 
京都府八幡市 
東京都小金井市 貫井南町4丁目200番29（地名地番）
東京都世田谷区 世田谷1丁目191-15
埼玉県さいたま市緑区 大間木1987-3
東京都内 
東京都内 
東京都東村山市 諏訪町1丁目21番19
東京都港区 新橋3丁目
北海道紋別郡遠軽町 
東京都小金井市 中町二丁目16番74
東京都葛飾区 奥戸２丁目７?７
東京都葛飾区 奥戸２丁目７?７
東京都文京区 
京都府京都市西京区 大枝沓掛町
京都府京田辺市 松井里ケ市67
奈良県天理市 
奈良県天理市 
東京都新宿区 
東京都港区 
新潟県燕市 寿町
千葉県松戸市 東松戸一丁目2-27
奈良県天理市 
東京都荒川区 東尾久三丁目874番15
佐賀県鳥栖市 儀徳町字浦田3215番3
千葉県松戸市 常盤平
山梨県北杜市 大泉町西井出字石堂8240番5542、8240番1138
東京都世田谷区 世田谷２丁目５?７
千葉県船橋市 藤原
京都府京都市下京区 高倉通五条上る亀屋町187
長野県大町市 大字社字松崎6572番1
東京都台東区 西浅草3丁目25-3付近
東京都狛江市 元和泉
神奈川県横浜市中区 海岸通2-6ﾙﾈ･ﾌﾞﾗﾝｼｭ横浜海岸通り914号室
東京都江東区 
埼玉県日高市 大字下鹿山字丸山223番4、223番6
茨城県つくば市 
東京都内 
大阪府大阪市阿倍野区 
大阪府大阪市阿倍野区 
大阪府大阪市大正区 
東京都内 
大阪府狭山市大野台3丁目1405-3 
岐阜県恵那市 東野字大薮1315番2，1315番3，1315番5
愛知県豊川市 住吉町1丁目113,114
神奈川県横浜市青葉区 藤が丘2-14-7
静岡県焼津市 中里字村瀬戸132番3
埼玉県ふじみ野市 
東京都内 
東京都練馬区 東大泉3丁目14-4付近
北海道函館市 日吉町4丁目77-99
愛媛県今治市 枝堀町1丁目1-6
兵庫県尼崎市 東桜木町
東京都渋谷区 大山町884番9
神奈川県横浜市西区 
神奈川県横浜市港北区 高田東1丁目1236番58
東京都小金井市 貫井南町4丁目200番29
千葉県船橋市前原東4-400-82 
東京都内 
東京都品川区 
新潟県新潟市内 
愛知県安城市里町南歌口94番5 
埼玉県さいたま市緑区道祖士二丁目２８８番１２の一部 
名古屋市中区新栄1丁目4028－1 
東京都世田谷区上祖師谷二丁目337番36 
埼玉県蓮田市 大字黒浜字日野手4835-2
千葉県千葉市内 
東京都目黒区南一丁目１５２７番２６ 
東京都目黒区上目黒 
東京都杉並区下井草2丁目203番6 
埼玉県ふじみ野市苗間1丁目8-10 
東京都目黒区大岡山一丁目105番1の一部 
東京都大田区西蒲田４丁目 
東京都大田区池上一丁目 
東京都目黒区碑文谷6丁目147-1,147-3,147-4,147-5 
東京都あきる野市 
埼玉県川口市 
新潟県新潟市南区 新飯田　https
埼玉県所沢市 寿町61-13,-14
東京都品川区 
新潟県新潟市東区 向陽
愛媛県松山市 北久米町８８６番７
栃木県日光市 
千葉県流山市向小金 
東京都大田区 萩中
福岡県福岡市南区弥永5丁目2番3 
福岡県糟屋郡志免町片峰3丁目6-21 
大阪府大阪市北区 曽根崎1-1-2
東京都世田谷区 世田谷1丁目34
埼玉県朝霞市 
埼玉県朝霞市 
長野県北佐久郡軽井沢町 
東京都世田谷区 弦巻
京都府京都市伏見区 桃山町養斉16-17
兵庫県宝塚市 高松町2-52
兵庫県宝塚市 高松町2-52
茨城県那珂市 
東京都荒川区町屋7-11-16 
東京都大田区 
東京都武蔵野市 
千葉県佐倉市 南ユ-カリが丘7番6、7番7
東京都多摩市 貝取4-4　多摩市貝取４丁目４番地団地８号棟404号室
熊本県宇城市 松橋町萩尾字轟島
神奈川県逗子市 山の根1-2-35
千葉県流山市 加3-6-1　東急ﾄﾞｴﾙｽﾃｰｼﾞｾﾝﾀｰｺｰﾄ21壱番館714
東京都練馬区 石神井町7-1-10ﾊﾟｰｸｽﾃｰｼﾞ石神井公園312号室
神奈川県横浜市中区 万代町3-5-10ｼｬﾛﾝ横浜大通り公園1101号室
東京都調布市 柴崎1-57-1グランドメゾンつつじが丘807号室
東京都羽村市 
東京都江東区 
神奈川県横浜市磯子区杉田六丁目6 9 9番6 9 
東京都福生市 
東京都世田谷区新町3丁目13-4　（地番：313-2） 
東京都渋谷区 
東京都世田谷区 等々力8-19-3 (住居表示)
長野県北佐久郡軽井沢町 
三重県松阪市 大黒田町
愛媛県西条市 喜多川620番地
愛知県豊橋市 
新潟県上越市 
山口県下関市 長府才川一丁目569番9
福岡県那珂川市 大字市ノ瀬字大浦1111番6、1112番1
愛知県名古屋市中川区 戸田二丁目108番、109番、110番、111番、112番
愛知県刈谷市 
大阪府貝塚市 地藏堂53-27
埼玉県川越市 
東京都新宿区 
東京都新宿区 
千葉県千葉市内 
愛知県清須市 
東京都港区 
滋賀県草津市 川原3丁目字里居420番3
埼玉県熊谷市 拾六間825-91
神奈川県三浦郡葉山町 一色1249-15
東京都狛江市 東野川2丁目473番46
東京都昭島市 
東京都八王子市 
大阪府内 
東京都新宿区 
神奈川県鎌倉市 大船二丁目301番14
岐阜県大垣市 万石1丁目90
神奈川県平塚市 袖ケ浜19-41ｸﾞﾗﾝﾋﾙｽﾞ平塚袖ケ浜203号室
千葉県浦安市 堀江４丁目8-1　ﾗｲｵﾝｽﾞﾏﾝｼｮﾝ浦安622号室
茨城県つくばみらい市 小張字小性町2676番
愛知県一宮市 大江二丁目７番
東京都あきる野市 
神奈川県川崎市麻生区 白山5-1新ゆりグリーンタウンアカシア街区7号棟1402号室
神奈川県横浜市神奈川区 松見町4-1101-7ｺｰﾄﾊｳｽ菊名610号室
東京都練馬区 
神奈川県横浜市戸塚区 品濃町1789-7ｳﾞｨﾙﾇｰﾌﾞｶﾞｰﾃﾞﾝｽﾞｱﾄﾗｽ東戸塚H501号室
東京都八王子市 諏訪町24番15
東京都中央区 
神奈川県足柄上郡山北町 中川
東京都渋谷区 
東京都新宿区 
宮城県東松島市 矢本字新沼44
大阪府大阪市内 
山口県美祢市 千石4-3-18
東京都小金井市 貫井南町4丁目200番29(地番)
神奈川県横浜市西区 
東京都大田区 西嶺町31-17
千葉県南房総市 白浜町
東京都港区 
千葉県館山市 
神奈川県横浜市中区 
神奈川県横浜市神奈川区 
東京都江東区 
奈良県生駒市 東生駒1丁目202-17
神奈川県藤沢市 羽鳥四丁目
京都府舞鶴市 字布敷小字中島19番5・20番5
東京都世田谷区赤堤二丁目４番４１の一部 
東京都豊島区 雑司が谷2丁目3番地6
愛知県尾張旭市 桜ケ丘町二丁目165番地
東京都世田谷区 
大阪府箕面市 白島
兵庫県尼崎市 下坂部二丁目１１９番１０
神奈川県三浦郡葉山町 堀内661
島根県松江市 東津田町７９６
東京都昭島市 
静岡県浜松市中央区海老塚一丁目105番8 
東京都三鷹市北野2-2341 
千葉県富津市 下飯野
東京都杉並区方南二丁目461番39 
大分県大分市 王子新町６６番３
福岡県宮若市金丸722番地 
京都府京都市東山区 大和大路通五条上る東入池殿町207
東京都世田谷区 羽根木二丁目
佐賀県鳥栖市 
群馬県高崎市 吉井町南陽台2丁目8-5
埼玉県入間市 豊岡二丁目133番13,133番14,134番1,134番7の一部,134番9の一部
東京都世田谷区 若林5丁目30-2
東京都世田谷区 成城２丁目２２番１６
新潟県上越市 大潟区土底浜字中稲場1522
群馬県桐生市 新里町新川字鏑木2424 番1 の一部
東京都台東区 
大阪府吹田市 
埼玉県川口市 赤井2-4-13
埼玉県八潮市 大字新町90番7
長野県長野市 川中島町今里22-4
神奈川県川崎市高津区坂戸2丁目430-1、431-1、431-2、431-3 
東京都目黒区 
岐阜県各務原市 鵜沼古市場町2-225-2
長野県岡谷市 長地片間町2丁目2437-1
東京都内 
福岡県朝倉郡筑前町 朝日字朝日826番2
茨城県笠間市 市野谷字小島1336番2の一部(分筆予定)
愛知県名古屋市北区 清水5丁目903番1
東京都青梅市 黒沢一丁目458番、458番2
静岡県静岡市清水区 草薙杉道一丁目1572番4、1572番5
高知県高知市 
茨城県牛久市 ひたち野東2-8-21
大阪府寝屋川市 香里本通町5-11
神奈川県横浜市西区 みなとみらい2-2-1 ランドマークタワー30階
長崎県長崎市 竿浦町729 の隣
千葉県流山市 市野谷
東京都世田谷区 八幡山1-27-8
東京都墨田区 東向島5 丁目
東京都板橋区 徳丸一丁目157-67の一部
埼玉県川口市 宮町150-36、-39、-40、-48
埼玉県久喜市 葛梅一丁目6-3
大阪府岸和田市 岸の丘町1丁目
東京都港区 三田２丁目301番213
東京都品川区南品川一丁目254番20 
北海道内 
東京都町田市 
東京都品川区 
茨城県水戸市 
福島県伊達市 梁川町東大枝字里29番、30番、31番
大阪府富田林市 
東京都大田区 山王二丁目1862番15
東京都足立区 舎人三丁目4番16,4番17
東京都内 
東京都足立区 神明南一丁目218番32
大阪府寝屋川市 
東京都品川区 荏原5-6-3
長崎県雲仙市 吾妻町牛口名字牛口745-34
埼玉県川口市 金山町73-3、-4
東京都渋谷区 松濤1丁目26番85
新潟県糸魚川市 
愛知県名古屋市中村区 八社一丁目222番
兵庫県川西市 火打二丁目13番3
東京都港区 
東京都江東区 
東京都中央区 
東京都三鷹市 下連雀3丁目22-7
兵庫県宝塚市 中山桜台４丁目1-4
新潟県新潟市中央区 京王3丁目1179-5
埼玉県さいたま市内 
大阪府箕面市 
東京都目黒区 自由が丘一丁目102番2
北海道帯広市 
岡山県笠岡市 城見台31番6
埼玉県春日部市 永沼字中道814番1
埼玉県春日部市 永沼字中道814番1
京都府内 
埼玉県羽生市中岩瀬631番9、631番11、632番3 
千葉県香取市 佐原イ1929-3、1929-4、1929-5
埼玉県上尾市大字畔吉279番1 
東京都内 
神奈川県横浜市港北区篠原台町228番55、57 
愛知県名古屋市内 
東京都目黒区 大岡山2-3-23
東京都世田谷区 
千葉県千葉市緑区 あすみが丘6－9－5
神奈川県川崎市麻生区 万福寺4-3-8 ﾉﾌﾞﾚｽ新百合ヶ丘ﾌｫﾚｽﾄﾊｳｽ624号室
東京都立川市 栄町4丁目2-9
新潟県新潟市中央区 
東京都葛飾区 
東京都大田区大森西 
東京都大田区 山王四丁目1634番3､1634番7､1634番9､1634番11
神奈川県横浜市港南区 笹下1-5-52リステージ上大岡905号室
東京都八王子市 
和歌山県和歌山市 湊一丁目607-4
北海道札幌市手稲区 前田4条6丁目1番9
東京都渋谷区 西原2-44-4
愛知県名古屋市千種区自由ケ丘一丁目34番5 
東京都武蔵野市 吉祥寺南町4-7-17
東京都昭島市 
東京都国分寺市 
埼玉県春日部市 牛島字熊ノ木158-1
神奈川県横須賀市 秋谷
東京都目黒区 上目黒四丁目 2 1
愛知県名古屋市瑞穂区内方町二丁目５１番２、５１番３ 
大阪府内 
東京都品川区大井2-3-5 
大阪府南河内郡千早赤阪村 大字森屋123番7
東京都内 
東京都葛飾区 新小岩１丁目
東京都中野区 
滋賀県草津市 追分南七丁目1937番地
東京都内 
東京都東大和市 
奈良県香芝市 高山台二丁目15番4
愛知県名古屋市西区 名西2-36-3
千葉県千葉市花見川区幕張町4丁目814 
東京都羽村市 
東京都羽村市 羽西1丁目1428-14
愛知県名古屋市熱田区 五番1304-1
千葉県船橋市 宮本6丁目516-1.517-1
東京都東村山市 
岐阜県関市 武芸川町高野字竹之腰　225番1
東京都文京区 
東京都杉並区 
東京都新宿区 西新宿
神奈川県鎌倉市 笛田5丁目1835番111
愛知県名古屋市天白区 植田山1丁目1001
福岡県糟屋郡久山町 大字久原字橋本850番
新潟県燕市 花園町２０?１１
千葉県習志野市鷺沼四丁目1846番5の一部 
福岡県那珂川市 道善
新潟県妙高市 大字田口字木場1455番6
兵庫県揖保郡太子町 東保字東川325-7,8,9,10
神奈川県 
栃木県宇都宮市東町26-5 
千葉県富津市 竹岡
神奈川県三浦郡葉山町 堀内字五ツ合602-1
東京都内 
東京都内 
東京都中野区 
東京都新宿区 神楽坂6-73
東京都内 
東京都足立区 千住河原町
東京都新宿区 余丁町６?29
東京都江東区 高橋８番16
熊本県熊本市東区 京塚本町1743番15
福岡県春日市 星見ヶ丘2丁目53番1、54番2、55番12
滋賀県草津市山寺町字谷田441番1 
東京都目黒区 目黒本町2-18-8
千葉県佐倉市 西ユーカリが丘5-9-7
東京都板橋区 西台3-36-19
埼玉県和光市 本町15‐1
東京都世田谷区 若林5-30-2
愛知県名古屋市天白区 平針南二丁目510番
大阪府大阪市港区 南市岡3-5-20
大阪府吹田市 
広島県広島市内 
東京都国分寺市 光町1-39-10
神奈川県足柄下郡真鶴町 岩字赤浜939-4、-5、942-34、-35
神奈川県鎌倉市 
大阪府大阪市北区 浮田1-6-14　モンテベルデ東梅田701
東京都北区東十条 
岐阜県恵那市 
兵庫県芦屋市 浜松町
東京都世田谷区 等々力
埼玉県東松山市元宿2-10-10 
東京都調布市 深大寺東町
愛知県日進市赤池町箕ノ手2番104、2番288 
東京都品川区 二葉3丁目22-6
静岡県伊豆市 
東京都江戸川区南葛西六丁目32番6 
東京都江東区 
千葉県我孫子市根戸672-1の一部 
岡山県総社市 新本9323-1の一部
埼玉県鴻巣市 鎌塚2丁目67-1,-2,63-2
石川県小松市 津波倉町ネ52番、53番
東京都内 
東京都内 
東京都江東区新大橋二丁目11番2 
神奈川県鎌倉市 台字西ノ台1701番2
東京都板橋区 中板橋18-11
東京都内 
東京都港区 
東京都内 
神奈川県藤沢市 辻堂6丁目
東京都北区 
東京都武蔵野市 吉祥寺北町2-1-18-201
大阪府内 
佐賀県三養基郡基山町 大字長野字野口104-3、119-1、121-1、121-6
岩手県盛岡市 津志田２６地割９?７
東京都千代田区 
愛知県豊橋市 植田町字神戸坂93番１
香川県高松市 多肥上町字西妙同石2146-45
岐阜県多治見市 
埼玉県さいたま市南区 
兵庫県神戸市中央区 熊内橋通5-1-4
三重県四日市市 2丁目11-21
長野県長野市 松代町牧島406-3
熊本県阿蘇市 一ノ宮町宮地字高城口6099番6
群馬県高崎市 中尾町字飯玉窪　416-1
新潟県長岡市 稲保南2丁目425-35
茨城県牛久市 田宮町字平９７１の一部
東京都大田区 
岡山県岡山市中区 国府市場514番17
東京都福生市 福生奈賀
大阪府内 
群馬県前橋市 
愛知県海部郡大治町 馬島字西深田16番地
東京都板橋区 成増
東京都調布市 小島町3丁目79-1ﾗｲｵﾝｽﾞﾏﾝｼｮﾝ調布第６ 306号室
大阪府阪南市 箱作307番3
新潟県新潟市秋葉区 大鹿字腰廻505番の一部
東京都文京区本駒込5-35-2 
埼玉県川越市 的場1丁目17-2,-3
広島県福山市 向陽町59番492
東京都武蔵野市 吉祥寺本町4丁目1820番4
東京都武蔵野市 吉祥寺本町4丁目1820番4
東京都板橋区 大山町52-2朝日ｸﾚｽ･ﾊﾟﾘｵ大山103号室
東京都武蔵野市 吉祥寺本町4丁目1820番4
東京都武蔵野市 吉祥寺本町4丁目1820番4
埼玉県草加市 清門3丁目20-4
群馬県渋川市石原字大中子2410-1 
滋賀県野洲市 西河原字天皇前2026番31
大阪府内 
京都府長岡京市 久貝2丁目9-18
東京都品川区 小山台1-14-23
鹿児島県霧島市 隼人町小浜8，10
東京都新宿区 
神奈川県足柄下郡箱根町 
東京都杉並区1丁目28番1、27番2、27番6、28番1の1、28番1の2 
東京都羽村市 栄町2丁目7-72
熊本県熊本市東区 御領5丁目
北海道北広島市 
埼玉県春日部市 
愛媛県今治市 
大阪府堺市西区 浜寺諏訪森町東3丁279付近
東京都府中市宮西町5-5-4 
東京都江東区 
東京都豊島区本町2-22-4 
神奈川県藤沢市 辻堂6丁目
東京都大田区 
東京都大田区 
東京都大田区 
福岡県福岡市早良区 室見2丁目14番13
東京都調布市飛田給3丁目5-6、5-13の一部 
東京都昭島市 
東京都世田谷区等々力8丁目 
兵庫県伊丹市北園1-154-3 
北海道虻田郡倶知安町 北１条西3丁目12
神奈川県川崎市中原区 
神奈川県川崎市多摩区 
岐阜県岐阜市 
群馬県前橋市 昭和町3丁目307番1
京都府京都市下京区西七条名倉町23 
神奈川県横浜市神奈川区 白楽
福岡県朝倉市 美奈宜の杜五丁目1804番41
群馬県多野郡神流町 大字相原字寺ノ前　47番1
高知県高知市 旭駅前町1
埼玉県越谷市 東町3丁目348-14
東京都世田谷区等々力6丁目9-9 
東京都世田谷区 
大阪府富田林市 伏山一丁目253番31
東京都文京区 千駄木5丁目
東京都板橋区小茂根三丁目1番7、1番14 
石川県能美市 松が岡1丁目33番1、33番2
岐阜県美濃加茂市 
長野県北佐久郡軽井沢町 大字長倉字離山 2112-103、2473-1、-3、-13、-29
高知県高知市 
茨城県筑西市 
長野県小諸市 乙字上ノ鼻474番6
東京都世田谷区 
東京都渋谷区本町一丁目25番8 
東京都北区 滝野川4-9-7,8
岡山県岡山市北区岩田町7-122 
東京都北区 滝野川4-9-7,8
福岡県春日市昇町三丁目152番、153番の一部、154番の一部 
埼玉県川口市 西新井宿485-3
東京都世田谷区代沢一丁目1-16 
大阪府高槻市 大塚町二丁目15番2の一部
福岡県北九州市八幡東区 祇園２丁目９?２
大阪府大阪市西成区 旭1丁目7-35
神奈川県茅ケ崎市 
東京都内 
東京都目黒区碑文谷 
東京都世田谷区代沢1丁目80-8 
神奈川県藤沢市 片瀬山5丁目
兵庫県たつの市 御津町朝臣223-7
岐阜県不破郡垂井町 
北海道札幌市西区二十四軒1条4丁目26番2 
東京都港区 
千葉県松戸市 
長崎県佐世保市 黒髪町4899番193、4899番194の一部
東京都足立区 千住河原町
新潟県阿賀野市 
東京都大田区 蒲田5丁目16-7
東京都新宿区 
岡山県倉敷市 玉島中央町3丁目461番2
東京都港区 
新潟県新潟市西区 槇尾
長崎県諫早市 
神奈川県横浜市神奈川区 
東京都豊島区雑司ヶ谷１丁目34?20 
東京都台東区 池之端 4丁目 (従前の番号)
東京都品川区 東品川2-3-15　ｼｰﾌｫｰﾄﾀﾜｰ1406号室
静岡県静岡市清水区 長崎南町52-10
福岡県糸島市 王丸字小林572番
東京都中野区 
東京都足立区 南花畑5丁目
東京都足立区 南花畑5丁目
愛知県豊橋市 
愛知県豊橋市 問屋町
東京都文京区 関口1丁目28-1ﾌｼﾞﾀ 関口ﾏﾝｼｮﾝ801号室
東京都内 
長野県北佐久郡軽井沢町 
茨城県鉾田市 
東京都府中市宮町二丁目9番17 
佐賀県唐津市中原字沖津留2643番2 
東京都内 
秋田県にかほ市 
埼玉県さいたま市浦和区 
東京都府中市 幸町1-9-7
不明 
神奈川県横浜市磯子区 中原2-1-15
神奈川県横浜市西区 みなとみらい2-2-1　横浜ランドマークタワー18階
静岡県富士市 元町2番15号
東京都江東区 亀戸7-54-2
神奈川県大和市 中央林間9-12-3
岐阜県多治見市 宝町10丁目72-3
熊本県熊本市東区 佐土原1丁目3-15
群馬県館林市 北成島町2544番地
石川県金沢市 八日市5丁目562番地
大分県大分市 錦町二丁目12番8号
埼玉県志木市 本町4-10-21
兵庫県三木市 宿原字狩屋谷1262-145
愛知県豊橋市 上野町字上原73番1
東京都あきる野市 
大阪府大阪市東住吉区 今川4丁目9-20
大阪府大阪市東住吉区 今川4丁目9-20
兵庫県姫路市 琴岡町289-6,289-7
東京都品川区 中延三丁目
愛知県北名古屋市久地野河原26番2 
東京都江東区 
東京都内 
愛媛県松山市 二番町1丁目9-6
大阪府岸和田市 岡?町810-92
福岡県糸島市 
神奈川県平塚市大島720-1,720-6,721-1 
神奈川県秦野市南矢名989 
東京都杉並区堀ノ内三丁目4 2 - 3 
東京都品川区中延二丁目294番13 
中野区中野三丁目３０番３ 
東京都日野市日野 
東京都大田区 
佐賀県佐賀市 与賀町
神奈川県横浜市神奈川区 片倉2丁目62番
長崎県諫早市 
東京都内 
東京都文京区 白山3丁目-3-13
長崎県諫早市 
東京都港区 元麻布3-12
福岡県大野城市 
愛知県豊橋市 
長野県南佐久郡南牧村 
岩手県久慈市 湊町第20地割60番4
東京都港区 南青山1-15-30
高知県高知市 比島町
静岡県静岡市葵区 平和二丁目271-13、271-14
新潟県新潟市中央区 浜浦町2-54-53
東京都中央区 
北海道内 
東京都渋谷区 
東京都新宿区 
東京都葛飾区亀有3丁目46-5　（地番：2-14） 
東京都練馬区 北町3-18-16
東京都世田谷区 
愛知県名古屋市中区 丸の内1丁目1112番2
兵庫県神戸市須磨区車道谷山3-14 
神奈川県戸塚区 
青森県青森市 岡造道3丁目230番30、230番26
神奈川県川崎市高津区 久地1-35-23
長崎県長崎市 毛井首町1番30
東京都三鷹市 
東京都港区 
東京都江東区 
東京都羽村市 
神奈川県藤沢市鵠沼橘二丁目2484番14 
東京都町田市成瀬8-6-8 
東京都足立区梅里 
長野県安曇野市穂高10109-30,10109-31 
長野県安曇野市穂高10109-28の一部,10109-30,10109-31 
香川県高松市 室町１９４３－１６
兵庫県三木市 
神奈川県川崎市高津区 溝口２－２３－１９
東京都武蔵野市 
兵庫県神戸市中央区 栄町通4丁目4-3
兵庫県神戸市中央区 栄町通4丁目4-3
神奈川県横浜市保土ケ谷区 西久保町100-1ﾅｲｽｽﾃｰｼﾞ保土ヶ谷208号室
東京都北区 東十条3丁目2-3 東十条ｸﾞﾘｰﾝﾊｲﾂ414号室
東京都内 
愛知県豊橋市 羽根井町126番2
神奈川県川崎市高津区 
神奈川県川崎市中原区 
東京都あきる野市 
大阪府内 
大阪府内 
神奈川県藤沢市 
大阪府内 
東京都品川区 
大阪府豊中市緑丘１丁目 
東京都内 
名古屋市中村区高道町６丁目５６番２ 
愛知県愛知郡東郷町 
静岡県静岡市清水区 草薙字東護1155-6
東京都大田区田園調布１－１５－３ 
愛知県日進市東山一丁目1305番の一部 
東京都足立区千住三丁目68番15、68番16 
神奈川県厚木市 
市原市馬立1203-1及び2の一部 
東京都内 
東京都青梅市 
東京都内 
福島県石川郡玉川村 
兵庫県姫路市 
東京都武蔵村山市 神明3-132-4
東京都目黒区 
東京都世田谷区 
東京都港区 
千葉県八千代市 下市場2-2-39
東京都府中市国領町７丁目53-1の一部 
神奈川県藤沢市 本鵠沼4丁目
神奈川県藤沢市 本鵠沼4丁目
神奈川県藤沢市 本鵠沼4丁目
大阪府大阪市住吉区 今川3丁目
大阪府高槻市 赤大路町
東京都豊島区北大塚1-28-2 
東京都西東京市 北町6-1-7
岐阜県岐阜市北一色十丁目16番1の一部 
東京都杉並区 阿佐谷北五丁目70-18
大阪府東大阪市 吉田
千葉県浦安市 富士見5-19-11ｽﾃｲﾂ舞浜403号室
東京都大田区萩中2-11-4 
茨城県小美玉市 竹原中郷字十三1559番89
兵庫県神戸市灘区上野通八丁目271番42 
東京都江戸川区東葛西１丁目357の一部 
宮城県仙台市泉区 根白石字行木沢9-1付近
埼玉県鶴ヶ島市 大字上広谷字在家133-59
神奈川県藤沢市 
三重県桑名市 野田4-7-8
東京都品川区 
千葉県市川市塩焼4丁目8-37 
神奈川県相模原市南区 
徳島県板野郡北島町 
大阪府大阪市住吉区 千躰2-1-13
東京都西東京市 
埼玉県日高市 高萩2225-5
栃木県鹿沼市 
東京都大田区久が原5丁目32-8 
東京都葛飾区奥戸6丁目8-17の一部、18の一部 
東京都内 
東京都内 
東京都内 
東京都内 
東京都内 
東京都内 
東京都内 
東京都内 
東京都内 
東京都内 
茨城県土浦市 並木3-9-5
東京都内 
東京都内 
東京都千代田区 
東京都江東区 
神奈川県横浜市港北区 樽町1-22-24
東京都大田区蒲田一丁目 
東京都杉並区 
東京都内 
滋賀県草津市 矢橋町1536-13
東京都豊島区池袋本町3丁目29-12 
東京都八王子市 めじろ台2丁目3-5
神奈川県三浦郡葉山町 
東京都大田区 大森西６－４－２
山梨県北杜市 小淵沢町
奈良県奈良市 あやめ池南4丁目6
東京都東久留米市 
東京都練馬区 北町6丁目35-24 ﾗｲｵﾝｽﾞﾏﾝｼｮﾝ平和台201号室
東京都国分寺市 高木町1-18
東京都荒川区東日暮里三丁目２８５２番１０ 
静岡県浜松市中央区 神原町字釜穴２ ５ 番２
岐阜県羽島市 小熊町外粟野2丁目40番、４１番、４３番
神奈川県横浜市中区元町 
愛知県刈谷市 半城土西町1丁目12番18
東京都新宿区 北新宿
神奈川県横浜市都筑区 見花山4 番6 3
神奈川県茅ヶ崎市 松が丘二丁目6854-37
東京都多摩市 乞田819-1
東京都品川区西大井2-15-5 
神奈川県鎌倉市 由比ガ浜1丁目183番5
千葉県流山市 市野谷295番1
兵庫県西宮市 甲子園口1丁目3‐17
埼玉県さいたま市大宮区 大成町一丁目391
東京都文京区 
東京都中野区新井2-43-8 
神奈川県川崎市麻生区 王禅寺東５丁目５１-２２付近
京都府京都市中京区 新町通竹屋町下がる弁財天町295番
神奈川県茅ヶ崎市 中海岸4-15-59
東京都青梅市 梅郷5丁目751-3
京都府京都市中京区 新町通竹屋町下がる弁財天町295番
埼玉県川口市 大字芝字辻3832番4
奈良県奈良市 
大阪府吹田市春日4-2-1　緑地公園ｸﾞﾗﾝﾄﾞﾊｲﾂ 220号室 
千葉県君津市 
高知県高知市 長浜3982-5
大阪府堺市西区 上544番1
岐阜県岐阜市 
神奈川県川崎市 
岐阜県揖斐郡大野町 大字瀬古字上加根寺３７６番５
広島県広島市西区井口鈴が台1丁目15-15 
東京都世田谷区 
東京都板橋区 成増3-21-15
愛知県稲沢市 大塚南2丁目36番
東京都杉並区 
福岡県那珂川市 埋金字中園791番
東京都世田谷区 八幡山1丁目12-7
宮城県仙台市泉区 福岡苦桃新林2-22、2-23
東京都八王子市 館町
東京都世田谷区代田5丁目963-12 
北海道虻田郡ニセコ町 曽我480番22
東京都国分寺市 東恋ヶ窪三丁目34番22
東京都渋谷区 西原1丁目
大阪府大東市 
東京都世田谷区砧3-5-5 
神奈川県伊勢原市 
東京都墨田区 
東京都内 
東京都 
東京都内 
東京都福生市 大字福生
東京都狛江市 岩戸北3-22
東京都世田谷区 
福島県二本松市 
大阪府内 
東京都港区 
埼玉県川口市 戸塚二丁目16番4の一部
京都府乙訓郡大山崎町 大山崎尻江35-2
大阪府内 
東京都世田谷区奥沢 
神奈川県横浜市鶴見区市場富士見町1672-11 
福岡県飯塚市 
東京都小平市 上水本町6-5-4　ｴｽﾃｰﾄ上水本町４号棟302号室
東京都北区 
東京都町田市 図師町字三号６０３番１６
神奈川県横浜市磯子区岡村7-1345-1他 
新潟県上越市 島田上新田346
愛知県豊田市 吉原町屋敷畠89
東京都千代田区 
岐阜県瑞穂市 横屋字中吹326-1，325-1，324-1
神奈川県横浜市泉区 和泉町6221-8
岐阜県山県市 高木字阿原1438-10,12,13,14
岐阜県岐阜市 下土居3丁目10番6
東京都昭島市 福島町二丁目114番12
岐阜県各務原市 沼古市場町二丁目２２５番の一部（分筆前）
神奈川県鎌倉市 由比ガ浜2丁目-13-3若宮ハイツ1号棟503号室
東京都渋谷区 猿楽町内
東京都八王子市 
埼玉県蓮田市 黒浜2920-5、2920-3、2919-4
岐阜県岐阜市 守口町5丁目15、41－2
神奈川県鎌倉市長谷三丁目592番の一部、592番2の一部 
東京都目黒区 
東京都東大和市 
東京都江東区北砂４丁目33-2,234-2 
神奈川県横浜市戸塚区 上倉田町222-1横浜ｻｳｽﾕﾆﾊﾞｰｻﾙﾚｼﾞﾃﾞﾝｽ914号室
東京都江戸川区松島四丁目955番1 
福岡県大野城市 
埼玉県加須市 下高柳字佳吉55番29
愛知県豊橋市 湊町20-2
東京都小平市 上水新町3-1-19
佐賀県佐賀市神野東２－５－２７ 
神奈川県川崎市宮前区神木本町３丁目1941-1 
東京都品川区 
東京都昭島市 松原町5-7-20
千葉県袖ケ浦市坂戸市場１６９３－１ 
神奈川県横浜市都筑区 
東京都内 
東京都内 
東京都内 
福岡県福岡市 
東京都内 
兵庫県尼崎市 塚口本町6-11-1　リーデンススクエア塚口313号室
東京都中央区 
神奈川県横浜市神奈川区松本町四丁目33-4、-7の各一部、33-8、33-15 
東京都調布市国領町7丁目52-1 
高知県南国市 そね甲
東京都新宿区 天神町77-8
長野県北佐久郡軽井沢町 
東京都練馬区 北町6-28-10
埼玉県比企郡川島町大字安塚字屋敷附27番2 
東京都世田谷区世田谷世田谷２丁目７－１０ 
東京都国分寺市本多5丁目344－6 
東京都西東京市 ひばりが丘北四丁目2805番11
東京都目黒区 南1丁目24番2
東京都世田谷区 池尻3-11-31 ﾏﾝｼｮﾝﾆｭ-池尻509号室
大阪府大阪市阿倍野区長池町10－16 
神奈川県川崎市麻生区栗木台二丁目12番19 
神奈川県横浜市旭区柏町52-8 
千葉県千葉市中央区千葉寺町445番 
小田原市府川２００ー５ 
埼玉県越谷市 
静岡県浜松市浜名区 於呂字欠端2829番7
石川県金沢市 北安江町4丁目1501番地
福岡県北九州市若松区 大字蜑住字堀987番23
京都府宇治市 南陵町2丁目1番187
東京都品川区 
東京都内 
北海道虻田郡留寿都村 字泉川661番の一部
東京都目黒区 中根1丁目8-11
新潟県新潟市 文京町20-6
東京都町田市玉川学園4340-44、-46、-47 
千葉県市川市 
東京都大田区 千鳥一丁目10-20
埼玉県さいたま市浦和区 
東京都世田谷区三宿2丁目171-77 
埼玉県戸田市大字新曽字芦原1858番9 
大阪府茨木市 
東京都世田谷区 世田谷1丁目34
宮城県宮城郡利府町 
兵庫県豊岡市 日高町久田谷106-3
神奈川県鎌倉市長谷三丁目592番の一部 
栃木県宇都宮市 野沢町字桜田320番7
兵庫県神戸市灘区 灘南通４丁目1-17
長野県諏訪郡下諏訪町 社字鋳物沢7316-3
香川県仲多度郡多度津町 大字葛原８５０－１
埼玉県川越市 幸町8-9
岐阜県大垣市 楽田町2丁目46番5
栃木県下野市下古山字国塚3165番13 
東京都八王子市 
大阪府茨木市下中条町１００５番地６ 
東京都中野区 上高田
東京都世田谷区 
大阪市生野区 
東京都杉並区 
大阪府吹田市 
茨城県つくば市 苅間字アンゴウ382番1
愛媛県西条市 船屋乙27 番42 一部、乙27 番58 一部
千葉県柏市 大津ヶ丘1丁目14-18
香川県高松市 国分寺町福家字下福家甲3865番6
栃木県佐野市 
東京都葛飾区東金町5丁目4-8 
神奈川県藤沢市 辻堂元町2丁目
千葉県流山市 
東京都中央区 
岐阜県岐阜市 江崎北4番2
大阪府内 
栃木県宇都宮市 砥上町字挟田1102番
東京都葛飾区 新小岩上一色1丁目11
長野県長野市 大字高田字高田沖370番4
広島県東広島市 
神奈川県鎌倉市 雪ノ下
大阪府内 
大阪府岸和田市 池尻町133番80
兵庫県伊丹市 
東京都品川区 
東京都内 
兵庫県姫路市 琴岡町289-6,289-7
岐阜県大垣市 島里1丁目104（地番）
東京都港区 (仮称)港区西麻布3丁目23PJ／（株）ヒロデザインオフィス
香川県丸亀市 飯野町東二599-1
三重県津市 
大分県由布市 
埼玉県春日部市 
千葉県長生郡一宮町 一宮10170(県道30号線沿いの建設現場)
鳥取県西伯郡南部町 天萬字輪ノ内966番7
東京都板橋区 
東京都板橋区 四葉2丁目17-12
長野県中野市 
東京都内 
東京都世田谷区瀬田1丁目941-1の一部、94-2の一部、94-5の一部 
神奈川県藤沢市 大庭字小ケ谷5318番9
岡山県倉敷市 児島下の町10丁目376番37
兵庫県宝塚市 清荒神４丁目４７番２
兵庫県尼崎市 南武庫之荘六丁目１７０番・１７１番
滋賀県草津市 野路
東京都八王子市 
兵庫県神戸市東灘区 高羽町四丁目4番5
京都府向日市 
京都府亀岡市 亀岡駅北3-4-12
滋賀県大津市 比叡辻 1丁目
福岡県北九州市若松区 青葉台東二丁目12-112
大阪府大阪市旭区 赤川二丁目16-8、16-9
東京都練馬区 
東京都西多摩郡瑞穂町箱根ケ崎 
福島県福島市 
神奈川県横浜市青葉区榎が丘14番1、14番18 
三重県大台町 
愛知県名古屋市昭和区松風町２丁目２０１－１ 
千葉県袖ケ浦市神納2丁目８番11 
滋賀県湖南市 吉永
東京都千代田区 
大分県大分市 
東京都内 
東京都中央区 オープンレジデンシア日本橋水天宮　201号室
静岡県掛川市 掛川1055-4
埼玉県ふじみ野市市沢3丁目4-20、4-21 
東京都品川区 東大井5-4-18
東京都渋谷区 
埼玉県志木市幸町3丁目7145番、7146-1、7144-2 
長野県北佐久郡軽井沢町 大字長倉
東京都江東区 
神奈川県川崎市内 
岐阜県岐阜市 菅生2丁目3番12
東京都江東区 木場6丁目-14-6
三重県鈴鹿市 小社町168
岐阜県揖斐郡池田町 八幡3048-1
秋田県由利本荘市 
福岡県大野城市 
福岡県大野城市 
福岡県大野城市 
福岡県大野城市 
福岡県北九州市八幡西区 
茨城県神栖市 日川字外内1121番の一部
愛知県刈谷市 東境町奥町屋53番1
愛知県名古屋市緑区 黒沢台5丁目702番5
東京都練馬区 立野町８８３番４
岐阜県可児市 土田字富士ノ井5594-8 G区画
東京都江東区 
東京都江東区 
埼玉県さいたま市北区宮原町三丁目７９番１ 
東京都中野区 
東京都世田谷区 下馬四丁目
神奈川県藤沢市鵠沼石上三丁目2277番1、2276番21 
新潟県新潟市中央区旭町通二番町字浜浦5238-12 
東京都内 
新潟県新潟市中央区 旭町通二番町字浜浦5238-12
東京都渋谷区本町２丁目２６－９ 
東京都福生市大字福生字志茂212番8 
東京都福生市 
東京都練馬区下石神井2-93-2 
長野県長野市 大字西尾張部字村西322番1
東京都文京区 千石1丁目
埼玉県所沢市星の宮一丁目958番1、3の一部（地番） 
東京都江戸川区南小岩7丁目1368番1の一部 
埼玉県さいたま市大宮区三橋1丁目 
東京都立川市 栄町五丁目２３番２３
東京都豊島区 
埼玉県さいたま市西区 
東京都江東区 
東京都葛飾区 奥戸２丁目７?７
東京都江戸川区 
東京都昭島市 
大阪府内 
東京都内 
兵庫県宝塚市 中山桜台7丁目8-5
兵庫県神戸市東灘区 御影本町8丁目
静岡県静岡市内 
愛知県小牧市大字池之内字山下3236番1 
東京都三鷹市 下連雀3－7
東京都内 
大阪府大阪市天王寺区 細工谷二丁目11番3
埼玉県川越市藤原町21-1 
長野県茅野市 北山4035番地内
東京都内 
静岡県駿東郡長泉町 中土狩
大阪府内 
東京都国分寺市 高木町1-18-25
茨城県つくばみらい市 小張字小性町2676番
大阪府内 
北海道 
東京都内 
東京都内 
東京都国分寺市 西町5丁目21番58
東京都内 
東京都内 
東京都内 
兵庫県宝塚市 仁川宮西町2-32
東京都文京区 本駒込5-29-3
新潟県新潟市中央区 女池四丁目798番6
千葉県柏市ひばりが丘655番62 
東京都渋谷区笹塚３丁目５９－２２ 
大阪府茨木市 
岐阜県美濃加茂市 加茂野町加茂野字前440-1、441-1
千葉県八千代市大和田新田字貞光寺野９２７番３０ 
東京都内 
神奈川県横浜市神奈川区三ツ沢南町29番5、29番6、29番15、29番16 
東京都稲城市 大丸13-6
神奈川県横浜市旭区二俣川2-13-9 
東京都内 
岡山県小田郡矢掛町屋矢掛 
東京都狛江市 
千葉県千葉市花見川区 
神奈川県横浜市都筑区 
神奈川県横浜市神奈川区 
東京都江戸川区 
千葉県成田市 
千葉県船橋市 
東京都府中市 栄町2丁目14-21 アンソレイユ国分寺703号室
東京都杉並区 
東京都内 
東京都目黒区碑文谷五丁目39番11 
愛知県豊橋市大山町字東大山113番2の一部 
神奈川県横浜市中区立野１０番地 
神奈川県川崎市中原区下新城2丁目 
東京都江戸川区東小岩五丁目2710番の一部 
神奈川県鎌倉市 台5-9ｺｰﾌﾟ野村鎌倉・台1号棟207号室
東京都調布市深大寺北町24-1，-2の一部 
東京都板橋区板橋二丁目13番6 
東京都調布市 深大寺北町五丁目18番14
愛知県稲沢市 井之口柿ノ木町213番9
東京都目黒区 中根1-8-11
愛知県名古屋市緑区 黒沢台702番2
愛知県春日井市 高蔵寺町6丁目6番32
埼玉県 
東京都世田谷区等々力八丁目７０番２２ 
東京都荒川区 
東京都新宿区 
東京都練馬区 
栃木県宇都宮市 
新潟県新発田市 冨塚町
愛知県名古屋市中村区 栄生町903、904
東京都新宿区若松町８０番８９ 
兵庫県西宮市 談上町五丁目5番8
東京都八王子市 美山町1927番1の一部、1926番7、1931番4、1933番4
広島県三原市 西野五丁目1252番1
福岡県飯塚市 
愛知県知多市 巽が丘4丁目206番地
長野県北佐久郡軽井沢町 字長倉1908-5
群馬県前橋市 
大阪府吹田市 津雲台2丁目10-1
東京都世田谷区 岡本2丁目28番6号の一部
東京都世田谷区 岡本2丁目28番6号の一部
東京都八王子市千人町 
神奈川県川崎市高津区梶ヶ谷四丁目8番14の一部 
京都府長岡京市 長岡1丁目414-25
愛知県清須市 
神奈川県平塚市 
東京都武蔵野市 吉祥寺本町3丁目21-19
東京都八王子市 中野上町1-10-4日興ﾊﾟﾚｸﾞﾗﾝﾃﾞ八王子416号室
東京都大田区 
東京都杉並区井草３丁目８９番２、９１番の各一部 
熊本県熊本市南区 富合町田尻361
福岡県大野城市 栄町3丁目２番3号
茨城県水戸市 米沢町297番1の一部(分筆予定)
千葉県船橋市 海神二丁目214番5
東京都港区 
東京都杉並区 永福一丁目555番43
東京都日野市石田二丁目13番6の一部 
東京都三鷹市上連雀3丁目732-23 
新潟県上越市 御殿山　https
東京都大田区上池台4丁目25-9 
東京都新宿区 
千葉県市川市富浜２丁目6-19 
東京都内 
兵庫県神戸市東灘区御影郡家1丁目 328-14,328-15,328-16 
東京都江東区古石場一丁目1番42 
長野県諏訪郡下諏訪町 西高木10616-233
東京都調布市 
東京都調布市 
東京都調布市 
東京都新宿区 
長崎県長崎市 彦見町378番地86
大阪府内 
埼玉県秩父市 相生町4264-1
東京都渋谷区 元代々木町42-2
山梨県富士吉田市 
大阪府豊中市 
静岡県浜松市内 
神奈川県横浜市港北区 
大阪府茨木市 西河原１丁目２?３８
東京都世田谷区 代田6丁目
神奈川県 
神奈川県 
神奈川県 
石川県野々市市 
東京都新宿区 
千葉県松戸市 小根本186-2ﾗｲｵﾝｽﾞｶﾞｰﾃﾞﾝ松戸404号室
東京都練馬区 中村北１丁目2-8 ﾗｲｵﾝｽﾞｼﾃｨ練馬902号室
東京都世田谷区 北沢5丁目30-6
長野県北佐久郡軽井沢町 
東京都新宿区 
東京都文京区 
東京都清瀬市 
東京都内 
東京都新宿区上落合３丁目893-12 
東京都立川市 一番町1-30
京都府舞鶴市 
東京都内 
滋賀県大津市 大石東6丁目1-12
宮崎県都城市 北原町34-17
東京都文京区千駄木 
東京都文京区目白台３－７－１４の一部 
愛知県刈谷市 一色町三丁目10-14、10-3の一部、10-13の一部
東京都世田谷区 桜丘5-39-9 ｺｱﾛｰﾄﾞ世田谷桜丘ﾉｰﾌﾞﾙﾃﾗｽ102号室
東京都中央区 
東京都武蔵野市 
埼玉県さいたま市岩槻区 大字南平野2-8-14
長野県北佐久郡軽井沢町 大字長倉字荒熊182-1
埼玉県川越市石原町 
京都府内 
大阪府内 
東京都内 
大阪府内 
愛知県東海市 名和町向イ山２５、２６－２、２７ －２、１６－８
神奈川県横浜市神奈川区 松ケ丘8-5
東京都渋谷区 代々木5-17-13
東京都豊島区池袋本町4丁目2050-2、-11の一部 
東京都内 
兵庫県姫路市 
兵庫県姫路市 
兵庫県姫路市 
東京都江戸川区 北小岩2丁目245番2
茨城県つくば市 苅間字土手下235番の一部、236番
東京都渋谷区 
東京都立川市曙町3丁目216番615 
栃木県鹿沼市 
東京都江東区大島 
群馬県伊勢崎市 南千木町5226-15
神奈川県藤沢市 
愛知県愛知郡東郷町 春木
福岡県大川市 大字下林字造出369番1
東京都内 
千葉県香取市 府馬字茶畑2597番の一部
神奈川県横浜市港北区 菊名5-16-1ｸﾞﾗﾝｽｲｰﾄ菊名ﾘｭﾐｴｰﾙ211号室
埼玉県坂戸市 西坂戸4丁目1300番19
東京都内 
東京都世田谷区代田五丁目881番6 
千葉県浦安市猫実３－９８６－５ 
神奈川県横浜市西区 南軽井沢55-20ﾗｲｵﾝｽﾞﾏﾝｼｮﾝ横浜ﾎﾟｰﾄﾋﾞｭｰ803号室
東京都新宿区 
東京都足立区千住3-68 
東京都内 
神奈川県川崎市宮前区 
新潟県新潟市内 
東京都新宿区 
東京都新宿区 
東京都豊島区 
東京都品川区 
長野県上水内郡飯綱町 大字黒川1452番1、1453番1の各一部
神奈川県横浜市港北区 大曽根3-26-1
埼玉県富士見市 
秋田県秋田市 
東京都内 
東京都世田谷区駒沢１－１２－１２ 
大阪府貝塚市 東山５丁目４番１,２,１４,１５
兵庫県西宮市 越水町136番4、136番7、136番11
東京都文京区湯島4丁目150-3 
山口県長門市 東深川字浜添310番1、310番3、310番5
山梨県富士吉田市 
新潟県長岡市 宮栄3丁目1208-33
静岡県掛川市 垂木863-70
京都府内 
東京都中央区 銀座7丁目
石川県金沢市 上荒屋丁目
愛知県西尾市和気町横61-3 
東京都大田区南馬込４－１８－１３ 
千葉県市原市 辰巳台西五丁目９番２２
大阪府大阪市鶴見区 放出東2丁目
東京都内 
東京都内 
千葉県習志野市 
東京都港区 
東京都中央区 銀座7丁目
千葉県市川市 
東京都墨田区東向島３－３５－４ 
群馬県高崎市 棟高町字平石453、455-1（乙）、455-1（甲）、459-4
新潟県新潟市南区戸頭457-2 
愛知県長久手市氏神前602番 
山口県宇部市 大字西岐波字沢波3622番1
栃木県宇都宮市 駒生町字狹又1410番159
神奈川県横浜市鶴見区 矢向4丁目2
神奈川県横浜市南区 白妙町4丁目-47
東京都世田谷区 尾山台1-3-14
神奈川県相模原市南区 上鶴間本町1-38-28
沖縄県南城市 
大阪府大阪市住吉区 遠里小野6-12-12
東京都足立区 
大阪府阪南市 和泉鳥取１１３３－３８
東京都世田谷区 
京都府京都市上京区 花立町488番
神奈川県横浜市栄区 上郷町字神戸1369-2
東京都内 
東京都内 
愛知県豊田市 水源町二丁目50番15の一部
東京都板橋区 成増1-5-19
東京都豊島区 
東京都目黒区 
千葉県松戸市 常盤平双葉町20-3ｸﾞﾘｰﾝｹﾞｰﾄｼﾃｨ516号室
東京都目黒区 
東京都目黒区 
東京都目黒区 
東京都目黒区 
東京都目黒区 
東京都目黒区 
栃木県足利市 堀込町字宮前250-1
埼玉県所沢市 
埼玉県狭山市堀兼1445-1 
東京都世田谷区 
東京都 
神奈川県横浜市泉区 岡津町1589-4
静岡県沼津市 
東京都小金井市貫井南 
大阪府和泉市 池田下町１７３８－１
東京都目黒区 
千葉県長生郡長生村 七井土１５２１番３３
東京都文京区 本駒込4‐8‐7
鹿児島県鹿児島市 
長野県諏訪郡下諏訪町 西高木10616-233
東京都港区 
東京都杉並区本天沼1-12-14 
東京都大田区池上五丁目647番1の一部 
東京都立川市上砂町３－５４－９ 
栃木県鹿沼市 
京都府向日市 寺戸町新田28-7
石川県鳳珠郡能登町 
東京都内 
東京都港区 
大阪府大阪市福島区 海老江3‐23‐40
北海道内 
千葉県市川市 大洲1-10-16
神奈川県藤沢市 片瀬4丁目
神奈川県藤沢市 片瀬4丁目
神奈川県藤沢市 片瀬4丁目
東京都内 
愛知県豊橋市 
東京都板橋区赤塚六丁目2206番3、22、23 
茨城県つくば市 
宮城県東松島市 矢本字新沼44
静岡県裾野市 御宿字下ノ畑４０４番５
東京都文京区 本駒込3丁目
神奈川県横浜市内 
茨城県水戸市 堀町字野田原2292番1
東京都大田区 
香川県善通寺市 中村町字宮東26番5
東京都杉並区 
東京都足立区 
?野市平?5丁?  A区画?地番45-3 
東京都文京区 西片１?１３?１０
東京都内 
木更津市中島字前浦4389番、4391番1、4398番4の1 
東京都 
東京都日野市 大字日野7773-1
千葉県千葉市花見川区幕張本町1丁目5-15 
神奈川県横浜市中区 
東京都豊島区 
東京都町田市 小山町字五号523番47
神奈川県横浜市青葉区 新石川1丁目22-9ｺﾄｰあざみ野ｸﾚｰｳﾞｪﾙ202号室
東京都北区西ヶ原 
京都府京都市 
埼玉県戸田市 
東京都八王子市 市明神町2-12
東京都港区 南麻布3-3-25
東京都台東区 浅草5-2-10
千葉県船橋市 
大阪府茨木市下中条町１００５番地６ 
東京都北区昭和町3丁目29番5 
神奈川県鎌倉市材木座3丁目191番3 
群馬県太田市富沢町153 
埼玉県上尾市瓦葺2230番18 
埼玉県ふじみ野市 市沢2-11-18 ザ・ステイツふじみ野404
東京都杉並区久我山２丁目８６３－７、８６３－２８ 
東京都墨田区 
静岡県浜松市内 
東京都江戸川区 平井7-17-30
千葉県千葉市中央区 亥鼻1-6-1
東京都杉並区 荻窪2丁目
神奈川県座間市 
静岡県伊豆の国市四日町字上北條８９５－１、８９５－１５ 
東京都台東区 浅草1丁目70
東京都渋谷区 幡ヶ谷1丁目25番46
東京都江東区 
大阪府大阪市住之江区 北加賀谷
愛知県岡崎市 美合町
東京都武蔵野市 
神奈川県横浜市旭区本宿町124番34 
神奈川県相模原市中央区富士見5301番6 
大阪府堺市堺区石津町3丁822-9 
北海道札幌市 豊平区福住2条10丁目
東京都三鷹市 
埼玉県川口市 本蓮1-12-13
奈良県奈良市 三条町568他
岐阜県各務原市 
岐阜県羽島市 中ノ江2-35-1
東京都世田谷区 深沢六丁目30-5
東京都目黒区／studiocy(サイ) 
岐阜県各務原市 
東京都品川区西品川三丁目８４８－１３ 
高知県高知市 
滋賀県大津市 北小松字大堂1608番20
神奈川県横浜市神奈川区 
東京都文京区 
東京都千代田区 
東京都板橋区 栄町4-1
神奈川県横浜市南区 山谷93-1,93-2,94-1,94-2,94-3
埼玉県富士見市 
東京都中野区 
大分県豊後大野市 三重町芦刈字大園１４２５番２
埼玉県川口市坂下町四丁目17番（以下未定） 
東京都内 
東京都足立区 
神奈川県横浜市西区 
愛知県名古屋市天白区 八事
大阪府大東市 大字龍間685番2の一部・685番6の一部
兵庫県神戸市垂水区 多聞台
愛知県西春日井郡豊山町 大字豊場字冨士 44 番
東京都目黒区 
大阪府東大阪市大蓮東2-8-1 
東京都内 
神奈川県藤沢市 鵠沼松が岡
静岡県富士市 宮島字藪添６３番１
東京都世田谷区 深沢8丁目1733番52
東京都江東区 
東京都小平市 小川町一丁目３３５番２４、２９
愛媛県八幡浜市 
東京都中央区 
東京都中央区 
東京都江東区 
東京都江戸川区 
群馬県邑楽郡邑楽町 
大阪府内 
大阪府大阪市北区 
大阪府門真市 
茨城県猿島郡境町 大字山崎字愛宕西349番2の一部
東京都世田谷区 
東京都千代田区 
岡山県井原市 木之子町3093-3
埼玉県川越市 
愛知県名古屋市中川区川前町133 
東京都大田区西糀谷一丁目106番1の一部、及び106番8 
東京都港区 
